699.978,10.33333333
699.9156,10.33333333
699.8532,10.33333333
699.7908,10.33333333
699.7284,9.666666667
699.666,9.666666667
699.6036,9
699.5412,9.666666667
699.4788,10.33333333
699.4164,10.33333333
699.354,10.33333333
699.2916,10.33333333
699.2292,10.33333333
699.1668,10.33333333
699.1044,10.33333333
699.042,10.33333333
698.9796,9.666666667
698.9172,9.666666667
698.8548,9.666666667
698.7924,9
698.73,9
698.6676,9
698.6052,10.33333333
698.5428,10.33333333
698.4804,10.33333333
698.418,9.333333333
698.3556,10.66666667
698.2932,10.66666667
698.2308,10.33333333
698.1684,10.33333333
698.106,10.33333333
698.0436,10.33333333
697.9812,10.33333333
697.9188,10.33333333
697.8564,9.666666667
697.794,9.666666667
697.7316,9.666666667
697.6692,9.666666667
697.6068,10.33333333
697.5444,10.33333333
697.482,9
697.4196,9
697.3572,10.33333333
697.2948,10.33333333
697.2324,9.666666667
697.17,10.66666667
697.1076,9.333333333
697.0452,9.333333333
696.9828,9.333333333
696.9204,10.33333333
696.858,10.66666667
696.7956,10.66666667
696.7332,10.33333333
696.6708,10.33333333
696.6084,9.666666667
696.546,9.666666667
696.4836,10.33333333
696.4212,10.33333333
696.3588,10.33333333
696.2964,10.33333333
696.234,9.666666667
696.1716,9.666666667
696.1092,10.33333333
696.0468,10.33333333
695.9844,10.33333333
695.922,10.33333333
695.8596,10.33333333
695.7972,10.33333333
695.7348,10.33333333
695.6724,9.666666667
695.61,9
695.5476,9
695.4852,9.666666667
695.4228,9.666666667
695.3604,9.666666667
695.298,9.666666667
695.2356,9.666666667
695.1732,9.666666667
695.1108,10.33333333
695.0484,10.33333333
694.986,9.666666667
694.9236,9.666666667
694.8612,9.666666667
694.7988,10.66666667
694.7364,10.66666667
694.674,9.666666667
694.6116,9.666666667
694.5492,9.666666667
694.4868,10.66666667
694.4244,10.66666667
694.362,10.33333333
694.2996,10.33333333
694.2372,10.33333333
694.1748,10.33333333
694.1124,9.666666667
694.05,9.666666667
693.9876,9.666666667
693.9252,9.666666667
693.8628,9.333333333
693.8004,9.333333333
693.738,10.33333333
693.6756,10.33333333
693.6132,10.33333333
693.5508,10.33333333
693.4884,9.333333333
693.426,9.333333333
693.3636,9.333333333
693.3012,10.33333333
693.2388,10.33333333
693.1764,10.33333333
693.114,10.66666667
693.0516,9.666666667
692.9892,10.33333333
692.9268,10.33333333
692.8644,9.666666667
692.802,9.666666667
692.7396,10.33333333
692.6772,10.33333333
692.6148,10.33333333
692.5524,10.33333333
692.49,10.33333333
692.4276,10.33333333
692.3652,10.33333333
692.3028,10.33333333
692.2404,9.666666667
692.178,9.666666667
692.1156,10.33333333
692.0532,9.333333333
691.9908,9.333333333
691.9284,10.33333333
691.866,10.33333333
691.8036,10.33333333
691.7412,10.33333333
691.6788,9.333333333
691.6164,10.33333333
691.554,10.33333333
691.4916,9.333333333
691.4292,10.33333333
691.3668,10.33333333
691.3044,10.33333333
691.242,10.33333333
691.1796,10.33333333
691.1172,10.66666667
691.0548,10.66666667
690.9924,10.66666667
690.93,10.66666667
690.8676,10.66666667
690.8052,10.66666667
690.7428,10.66666667
690.6804,10.66666667
690.618,9.666666667
690.5556,10.66666667
690.4932,10.66666667
690.4308,10.66666667
690.3684,10.33333333
690.306,10.33333333
690.2436,10.33333333
690.1812,10.33333333
690.1188,10.33333333
690.0564,10.33333333
689.994,10.33333333
689.9316,10.33333333
689.8692,9.666666667
689.8068,9.666666667
689.7444,9.666666667
689.682,9.666666667
689.6196,10.33333333
689.5572,10.33333333
689.4948,10.33333333
689.4324,10.33333333
689.37,10.33333333
689.3076,10.33333333
689.2452,10.33333333
689.1828,10.33333333
689.1204,10.33333333
689.058,10.33333333
688.9956,10.33333333
688.9332,10.33333333
688.8708,10.33333333
688.8084,10.33333333
688.746,9.666666667
688.6836,9.666666667
688.6212,9.666666667
688.5588,10.33333333
688.4964,10.33333333
688.434,10.33333333
688.3716,10.33333333
688.3092,10.33333333
688.2468,9.666666667
688.1844,9.666666667
688.122,10.33333333
688.0596,10.33333333
687.9972,10.33333333
687.9348,10.33333333
687.8724,10.66666667
687.81,10.66666667
687.7476,10.66666667
687.6852,10.66666667
687.6228,10.33333333
687.5604,10.33333333
687.498,10.66666667
687.4356,9.666666667
687.3732,9.666666667
687.3108,10.33333333
687.2484,10.33333333
687.186,10.33333333
687.1236,9.666666667
687.0612,9.666666667
686.9988,9.666666667
686.9364,9.666666667
686.874,9.666666667
686.8116,9.666666667
686.7492,9
686.6868,9
686.6244,10.66666667
686.562,10.66666667
686.4996,10.66666667
686.4372,10.66666667
686.3748,10.66666667
686.3124,10.66666667
686.25,10.66666667
686.1876,10.66666667
686.1252,10.66666667
686.0628,10.66666667
686.0004,10.66666667
685.938,10.66666667
685.8756,10.33333333
685.8132,10.33333333
685.7508,10.33333333
685.6884,10.33333333
685.626,10.33333333
685.5636,10.33333333
685.5012,10.33333333
685.4388,10.33333333
685.3764,10.33333333
685.314,10.33333333
685.2516,10.33333333
685.1892,10.33333333
685.1268,10.66666667
685.0644,10.66666667
685.002,9.333333333
684.9396,9.333333333
684.8772,10.33333333
684.8148,10.33333333
684.7524,10.33333333
684.69,9.333333333
684.6276,9.333333333
684.5652,9.333333333
684.5028,9.333333333
684.4404,9.333333333
684.378,9.333333333
684.3156,9.333333333
684.2532,10.66666667
684.1908,10.66666667
684.1284,10.66666667
684.066,9.666666667
684.0036,9.666666667
683.9412,9.666666667
683.8788,10.66666667
683.8164,10.66666667
683.754,10.33333333
683.6916,10.33333333
683.6292,9.333333333
683.5668,9.333333333
683.5044,9.333333333
683.442,10.33333333
683.3796,10.33333333
683.3172,10.33333333
683.2548,10.33333333
683.1924,10.33333333
683.13,10.33333333
683.0676,10.33333333
683.0052,10.66666667
682.9428,10.66666667
682.8804,10.66666667
682.818,10.66666667
682.7556,10.66666667
682.6932,10.66666667
682.6308,10.33333333
682.5684,10.33333333
682.506,10.33333333
682.4436,10.33333333
682.3812,10.33333333
682.3188,10.33333333
682.2564,11
682.194,10
682.1316,9.666666667
682.0692,10.66666667
682.0068,10.33333333
681.9444,10.33333333
681.882,9.333333333
681.8196,9.333333333
681.7572,9.333333333
681.6948,10.33333333
681.6324,10.33333333
681.57,10.33333333
681.5076,10.33333333
681.4452,10.33333333
681.3828,10.33333333
681.3204,10.33333333
681.258,10.33333333
681.1956,9.666666667
681.1332,10.33333333
681.0708,10.33333333
681.0084,10.33333333
680.946,10.33333333
680.8836,10.33333333
680.8212,10.33333333
680.7588,10.33333333
680.6964,10.33333333
680.634,10.33333333
680.5716,10.33333333
680.5092,10.33333333
680.4468,10.33333333
680.3844,10.33333333
680.322,10.33333333
680.2596,10.33333333
680.1972,10.33333333
680.1348,10.33333333
680.0724,10.33333333
680.01,10.33333333
679.9476,10.33333333
679.8852,10.33333333
679.8228,10.33333333
679.7604,10.33333333
679.698,10.33333333
679.6356,10.66666667
679.5732,10.66666667
679.5108,10.66666667
679.4484,10.66666667
679.386,10.33333333
679.3236,10.33333333
679.2612,10.33333333
679.1988,10.33333333
679.1364,9.666666667
679.074,9.666666667
679.0116,9.666666667
678.9492,9.666666667
678.8868,9.666666667
678.8244,9.666666667
678.762,9.666666667
678.6996,9.666666667
678.6372,10.66666667
678.5748,10.66666667
678.5124,10.66666667
678.45,10.66666667
678.3876,10.66666667
678.3252,10.66666667
678.2628,10.66666667
678.2004,10.66666667
678.138,10.66666667
678.0756,10.66666667
678.0132,10.66666667
677.9508,10.66666667
677.8884,10.33333333
677.826,10.33333333
677.7636,10.33333333
677.7012,10.33333333
677.6388,10.33333333
677.5764,10.33333333
677.514,10.33333333
677.4516,10.33333333
677.3892,10.33333333
677.3268,10.33333333
677.2644,10.33333333
677.202,10.33333333
677.1396,10.33333333
677.0772,10.33333333
677.0148,10.33333333
676.9524,10.33333333
676.89,10.33333333
676.8276,10.33333333
676.7652,9.666666667
676.7028,9.666666667
676.6404,9.666666667
676.578,9.666666667
676.5156,9.666666667
676.4532,9.666666667
676.3908,9.666666667
676.3284,9.666666667
676.266,9.666666667
676.2036,9.666666667
676.1412,10.33333333
676.0788,10.33333333
676.0164,10.33333333
675.954,10.33333333
675.8916,10.33333333
675.8292,10.33333333
675.7668,10.33333333
675.7044,10.33333333
675.642,10.33333333
675.5796,10.33333333
675.5172,10.33333333
675.4548,10.33333333
675.3924,9.666666667
675.33,9
675.2676,9.666666667
675.2052,9.666666667
675.1428,9.666666667
675.0804,9.666666667
675.018,9.666666667
674.9556,9.666666667
674.8932,10.33333333
674.8308,10.33333333
674.7684,10.33333333
674.706,10.33333333
674.6436,10.33333333
674.5812,10.33333333
674.5188,10.33333333
674.4564,10.33333333
674.394,9.666666667
674.3316,9.666666667
674.2692,10.66666667
674.2068,10.66666667
674.1444,9.666666667
674.082,9.666666667
674.0196,9.666666667
673.9572,9
673.8948,9.666666667
673.8324,9.666666667
673.77,10.33333333
673.7076,10.33333333
673.6452,10.33333333
673.5828,10.33333333
673.5204,9.666666667
673.458,9.666666667
673.3956,9.666666667
673.3332,9.666666667
673.2708,9.666666667
673.2084,9.666666667
673.146,9.666666667
673.0836,9.666666667
673.0212,10.33333333
672.9588,10.33333333
672.8964,10.66666667
672.834,10.66666667
672.7716,10.66666667
672.7092,10.66666667
672.6468,10.66666667
672.5844,10.66666667
672.522,10.66666667
672.4596,10.66666667
672.3972,10.33333333
672.3348,10.33333333
672.2724,10.33333333
672.21,10.33333333
672.1476,10.33333333
672.0852,10.33333333
672.0228,10.33333333
671.9604,10.33333333
671.898,10.33333333
671.8356,10.33333333
671.7732,10.33333333
671.7108,10.33333333
671.6484,10.33333333
671.586,10.33333333
671.5236,10.33333333
671.4612,10.33333333
671.3988,10.33333333
671.3364,9.333333333
671.274,10.33333333
671.2116,10.33333333
671.1492,9.333333333
671.0868,9.333333333
671.0244,9
670.962,9.666666667
670.8996,9.666666667
670.8372,9.666666667
670.7748,9.666666667
670.7124,9.666666667
670.65,9.666666667
670.5876,9.666666667
670.5252,9.666666667
670.4628,9.666666667
670.4004,10.33333333
670.338,10.33333333
670.2756,10.33333333
670.2132,10.33333333
670.1508,10.33333333
670.0884,10.33333333
670.026,10.33333333
669.9636,10.33333333
669.9012,9.666666667
669.8388,9.666666667
669.7764,10.33333333
669.714,10.33333333
669.6516,9.333333333
669.5892,10.33333333
669.5268,10.33333333
669.4644,10.33333333
669.402,10.33333333
669.3396,10.33333333
669.2772,10.33333333
669.2148,10.33333333
669.1524,10.33333333
669.09,10.33333333
669.0276,10.33333333
668.9652,10.33333333
668.9028,10.33333333
668.8404,10.33333333
668.778,10.33333333
668.7156,10.33333333
668.6532,10.33333333
668.5908,10.33333333
668.5284,10.33333333
668.466,10.33333333
668.4036,9.666666667
668.3412,9.666666667
668.2788,9.666666667
668.2164,9.666666667
668.154,10.33333333
668.0916,10.33333333
668.0292,10.33333333
667.9668,10.33333333
667.9044,10.33333333
667.842,10.33333333
667.7796,10.33333333
667.7172,10.33333333
667.6548,10.33333333
667.5924,10.33333333
667.53,10.33333333
667.4676,10.33333333
667.4052,10.33333333
667.3428,10.33333333
667.2804,10.33333333
667.218,10.33333333
667.1556,10.33333333
667.0932,10.33333333
667.0308,10.33333333
666.9684,10.33333333
666.906,10.33333333
666.8436,10.33333333
666.7812,10.66666667
666.7188,10.66666667
666.6564,9.333333333
666.594,10.33333333
666.5316,10.33333333
666.4692,10.33333333
666.4068,10.33333333
666.3444,9.333333333
666.282,10.33333333
666.2196,10.33333333
666.1572,10.33333333
666.0948,9.333333333
666.0324,9.333333333
665.97,10.33333333
665.9076,10.33333333
665.8452,10.33333333
665.7828,10.33333333
665.7204,9.333333333
665.658,9.666666667
665.5956,10.66666667
665.5332,10.66666667
665.4708,9.666666667
665.4084,9.666666667
665.346,9.666666667
665.2836,9.666666667
665.2212,9.666666667
665.1588,10.66666667
665.0964,10.66666667
665.034,10.66666667
664.9716,11.66666667
664.9092,12.33333333
664.8468,12.33333333
664.7844,12.33333333
664.722,12.33333333
664.6596,13
664.5972,14
664.5348,14
664.4724,13
664.41,12.33333333
664.3476,12.33333333
664.2852,13.33333333
664.2228,12.33333333
664.1604,13.33333333
664.098,13.33333333
664.0356,13.33333333
663.9732,13.33333333
663.9108,13
663.8484,13
663.786,12
663.7236,11
663.6612,13
663.5988,12
663.5364,11.33333333
663.474,11.33333333
663.4116,10.66666667
663.3492,10.66666667
663.2868,10.66666667
663.2244,10.66666667
663.162,11.66666667
663.0996,10.66666667
663.0372,10.66666667
662.9748,9.666666667
662.9124,9.666666667
662.85,10.66666667
662.7876,10.66666667
662.7252,10.66666667
662.6628,10.33333333
662.6004,10.33333333
662.538,10.33333333
662.4756,10.33333333
662.4132,10.33333333
662.3508,10.33333333
662.2884,10.33333333
662.226,10.33333333
662.1636,10.33333333
662.1012,10.33333333
662.0388,10.33333333
661.9764,11.33333333
661.914,11.66666667
661.8516,11.66666667
661.7892,10.66666667
661.7268,10.66666667
661.6644,11.33333333
661.602,11.33333333
661.5396,11.33333333
661.4772,11.33333333
661.4148,11.33333333
661.3524,11.33333333
661.29,11.33333333
661.2276,11.33333333
661.1652,11.33333333
661.1028,11.33333333
661.0404,11.33333333
660.978,11.33333333
660.9156,11.33333333
660.8532,12.33333333
660.7908,10.66666667
660.7284,10.66666667
660.666,11.66666667
660.6036,11.66666667
660.5412,10.33333333
660.4788,10.33333333
660.4164,10.33333333
660.354,10.33333333
660.2916,10.33333333
660.2292,9.333333333
660.1668,10.66666667
660.1044,10.66666667
660.042,10.66666667
659.9796,10.66666667
659.9172,10.66666667
659.8548,10.66666667
659.7924,10.66666667
659.73,10.66666667
659.6676,10.33333333
659.6052,9.333333333
659.5428,9.666666667
659.4804,10.66666667
659.418,10.66666667
659.3556,10.66666667
659.2932,10.66666667
659.2308,10.66666667
659.1684,10.66666667
659.106,10.66666667
659.0436,10.66666667
658.9812,10.66666667
658.9188,10.66666667
658.8564,10.66666667
658.794,10.66666667
658.7316,10.66666667
658.6692,10.33333333
658.6068,10.33333333
658.5444,10.33333333
658.482,10.33333333
658.4196,10.33333333
658.3572,10.33333333
658.2948,10.66666667
658.2324,10.66666667
658.17,10.66666667
658.1076,10.66666667
658.0452,9.666666667
657.9828,9.666666667
657.9204,10.66666667
657.858,10.66666667
657.7956,10.66666667
657.7332,10.66666667
657.6708,10.66666667
657.6084,10.66666667
657.546,10.66666667
657.4836,10.66666667
657.4212,10.66666667
657.3588,10.66666667
657.2964,10.66666667
657.234,10.66666667
657.1716,10.66666667
657.1092,10.66666667
657.0468,10.66666667
656.9844,10.66666667
656.922,10.66666667
656.8596,10.66666667
656.7972,10.66666667
656.7348,10.66666667
656.6724,10.33333333
656.61,10.33333333
656.5476,10.33333333
656.4852,10.33333333
656.4228,9.666666667
656.3604,9.666666667
656.298,10.33333333
656.2356,10.33333333
656.1732,10.66666667
656.1108,10.66666667
656.0484,10.66666667
655.986,10.66666667
655.9236,10.66666667
655.8612,10.66666667
655.7988,10.66666667
655.7364,11.66666667
655.674,10.33333333
655.6116,10.33333333
655.5492,10.33333333
655.4868,10.33333333
655.4244,10.33333333
655.362,10.33333333
655.2996,10.33333333
655.2372,10.33333333
655.1748,10.33333333
655.1124,10.33333333
655.05,10.33333333
654.9876,10.33333333
654.9252,10.33333333
654.8628,10.33333333
654.8004,10.33333333
654.738,10.33333333
654.6756,9.333333333
654.6132,11.33333333
654.5508,11.33333333
654.4884,10.33333333
654.426,9.333333333
654.3636,10.33333333
654.3012,10.33333333
654.2388,10.33333333
654.1764,10.33333333
654.114,10.33333333
654.0516,10.33333333
653.9892,10.33333333
653.9268,10.33333333
653.8644,10.33333333
653.802,10.33333333
653.7396,10.33333333
653.6772,10.66666667
653.6148,10.66666667
653.5524,10.66666667
653.49,10.66666667
653.4276,10.66666667
653.3652,10.66666667
653.3028,10.66666667
653.2404,10.66666667
653.178,10.33333333
653.1156,10.33333333
653.0532,10.33333333
652.9908,10.33333333
652.9284,10.33333333
652.866,10.33333333
652.8036,10.33333333
652.7412,10.33333333
652.6788,10.66666667
652.6164,10.66666667
652.554,10.66666667
652.4916,10.66666667
652.4292,10.66666667
652.3668,10.66666667
652.3044,10.66666667
652.242,10.66666667
652.1796,11.66666667
652.1172,10.66666667
652.0548,10.66666667
651.9924,10.66666667
651.93,10.66666667
651.8676,10.66666667
651.8052,10.66666667
651.7428,10.66666667
651.6804,10.66666667
651.618,10.66666667
651.5556,10.66666667
651.4932,10.66666667
651.4308,11.66666667
651.3684,11.66666667
651.306,11.66666667
651.2436,10.66666667
651.1812,10.66666667
651.1188,10.66666667
651.0564,11.33333333
650.994,11.33333333
650.9316,11.33333333
650.8692,11.33333333
650.8068,11.33333333
650.7444,11.33333333
650.682,11.33333333
650.6196,12.33333333
650.5572,11.66666667
650.4948,10.66666667
650.4324,10.66666667
650.37,10.66666667
650.3076,10.66666667
650.2452,10.66666667
650.1828,9.666666667
650.1204,10.66666667
650.058,10.66666667
649.9956,11.66666667
649.9332,11.66666667
649.8708,10.66666667
649.8084,10.66666667
649.746,10.66666667
649.6836,10.66666667
649.6212,10.66666667
649.5588,10.66666667
649.4964,10.66666667
649.434,10.66666667
649.3716,10.66666667
649.3092,10.66666667
649.2468,10.66666667
649.1844,10.66666667
649.122,10.66666667
649.0596,10.66666667
648.9972,10.66666667
648.9348,11.66666667
648.8724,11.66666667
648.81,10.66666667
648.7476,10.66666667
648.6852,10.66666667
648.6228,10.66666667
648.5604,10.66666667
648.498,10.66666667
648.4356,10.66666667
648.3732,10.66666667
648.3108,10.66666667
648.2484,10.66666667
648.186,10.66666667
648.1236,10.66666667
648.0612,10.66666667
647.9988,10.66666667
647.9364,10.66666667
647.874,10.66666667
647.8116,10.66666667
647.7492,10.66666667
647.6868,10.33333333
647.6244,11.33333333
647.562,11.33333333
647.4996,11.33333333
647.4372,11.33333333
647.3748,11.33333333
647.3124,11.33333333
647.25,11.33333333
647.1876,11.33333333
647.1252,11.33333333
647.0628,11.66666667
647.0004,11.66666667
646.938,10.66666667
646.8756,10.66666667
646.8132,10.66666667
646.7508,10.66666667
646.6884,10.33333333
646.626,10.33333333
646.5636,10.33333333
646.5012,10.33333333
646.4388,10.66666667
646.3764,10.66666667
646.314,10.66666667
646.2516,10.66666667
646.1892,10.66666667
646.1268,11.66666667
646.0644,11.66666667
646.002,11.66666667
645.9396,10.66666667
645.8772,10.66666667
645.8148,10.66666667
645.7524,10.66666667
645.69,10.33333333
645.6276,10.33333333
645.5652,11.66666667
645.5028,11.66666667
645.4404,11.66666667
645.378,10.66666667
645.3156,10.66666667
645.2532,10.66666667
645.1908,10.66666667
645.1284,11.66666667
645.066,11.66666667
645.0036,11.66666667
644.9412,10.66666667
644.8788,10.66666667
644.8164,10.66666667
644.754,10.66666667
644.6916,11.66666667
644.6292,11.66666667
644.5668,10.66666667
644.5044,10.66666667
644.442,10.66666667
644.3796,11.66666667
644.3172,11.66666667
644.2548,10.66666667
644.1924,10.66666667
644.13,10.66666667
644.0676,10.66666667
644.0052,10.66666667
643.9428,10.66666667
643.8804,10.66666667
643.818,10.66666667
643.7556,10.66666667
643.6932,10.33333333
643.6308,11.33333333
643.5684,12
643.506,12
643.4436,11
643.3812,12
643.3188,12
643.2564,12
643.194,11
643.1316,12
643.0692,11.33333333
643.0068,11.33333333
642.9444,11.33333333
642.882,11.33333333
642.8196,11.33333333
642.7572,11.33333333
642.6948,11.33333333
642.6324,11.33333333
642.57,11.33333333
642.5076,11.33333333
642.4452,11.33333333
642.3828,11.33333333
642.3204,12.33333333
642.258,12.33333333
642.1956,11.33333333
642.1332,11.33333333
642.0708,11.33333333
642.0084,11.33333333
641.946,11.33333333
641.8836,11.33333333
641.8212,11.33333333
641.7588,11.33333333
641.6964,12.33333333
641.634,12.33333333
641.5716,11.33333333
641.5092,11.33333333
641.4468,11.33333333
641.3844,11.33333333
641.322,12.33333333
641.2596,12.33333333
641.1972,11.33333333
641.1348,11.33333333
641.0724,11.33333333
641.01,11.33333333
640.9476,11.33333333
640.8852,11.33333333
640.8228,11.33333333
640.7604,11.33333333
640.698,12.33333333
640.6356,12.33333333
640.5732,12.33333333
640.5108,12.33333333
640.4484,12.33333333
640.386,12.33333333
640.3236,12.33333333
640.2612,12.33333333
640.1988,12.33333333
640.1364,12.33333333
640.074,11.33333333
640.0116,11.33333333
639.9492,12.33333333
639.8868,12.33333333
639.8244,12.33333333
639.762,11.33333333
639.6996,11.33333333
639.6372,11.33333333
639.5748,11.33333333
639.5124,11.33333333
639.45,11.33333333
639.3876,12.33333333
639.3252,12.33333333
639.2628,12.33333333
639.2004,11.33333333
639.138,11.33333333
639.0756,11.33333333
639.0132,11.33333333
638.9508,12.33333333
638.8884,12.33333333
638.826,12.33333333
638.7636,11.33333333
638.7012,11.33333333
638.6388,11.33333333
638.5764,11.33333333
638.514,11.33333333
638.4516,11.33333333
638.3892,11.33333333
638.3268,11.33333333
638.2644,11.33333333
638.202,12.33333333
638.1396,12.33333333
638.0772,12.33333333
638.0148,11.33333333
637.9524,12.33333333
637.89,12.33333333
637.8276,12
637.7652,12
637.7028,12.33333333
637.6404,11.33333333
637.578,11.33333333
637.5156,12.33333333
637.4532,12.33333333
637.3908,12.33333333
637.3284,13
637.266,13
637.2036,13
637.1412,13
637.0788,13
637.0164,13
636.954,13
636.8916,13
636.8292,12.33333333
636.7668,12.33333333
636.7044,12.33333333
636.642,12.33333333
636.5796,11.33333333
636.5172,11.33333333
636.4548,11.33333333
636.3924,12.33333333
636.33,13
636.2676,13
636.2052,13
636.1428,12
636.0804,12
636.018,12
635.9556,13
635.8932,12
635.8308,12
635.7684,13
635.706,13.33333333
635.6436,13.33333333
635.5812,13.33333333
635.5188,13.33333333
635.4564,13.33333333
635.394,13.33333333
635.3316,13.33333333
635.2692,13.33333333
635.2068,13
635.1444,13
635.082,13
635.0196,13
634.9572,13.66666667
634.8948,13.66666667
634.8324,13.66666667
634.77,13.66666667
634.7076,14.33333333
634.6452,15
634.5828,15
634.5204,15
634.458,15.66666667
634.3956,16.33333333
634.3332,16.33333333
634.2708,17
634.2084,18
634.146,19
634.0836,20
634.0212,22
633.9588,23.33333333
633.8964,24.66666667
633.834,27
633.7716,30
633.7092,33
633.6468,36.33333333
633.5844,41.66666667
633.522,47
633.4596,55
633.3972,61.33333333
633.3348,75.33333333
633.2724,81.33333333
633.21,92.33333333
633.1476,97.33333333
633.0852,103.6666667
633.0228,108.3333333
632.9604,115.3333333
632.898,117.6666667
632.8356,120.6666667
632.7732,122.3333333
632.7108,125.3333333
632.6484,126.6666667
632.586,129
632.5236,129.3333333
632.4612,130
632.3988,130
632.3364,130.6666667
632.274,131.3333333
632.2116,131.6666667
632.1492,131.3333333
632.0868,129.3333333
632.0244,128
631.962,124.3333333
631.8996,119.3333333
631.8372,115
631.7748,108.3333333
631.7124,99.33333333
631.65,93
631.5876,77.33333333
631.5252,66.66666667
631.4628,49.66666667
631.4004,41.66666667
631.338,32
631.2756,27.33333333
631.2132,24.33333333
631.1508,23
631.0884,21.33333333
631.026,19.33333333
630.9636,18.33333333
630.9012,18.33333333
630.8388,17
630.7764,16
630.714,15.66666667
630.6516,15.66666667
630.5892,15.33333333
630.5268,15.33333333
630.4644,14.33333333
630.402,14.33333333
630.3396,14.33333333
630.2772,14.33333333
630.2148,13.66666667
630.1524,13.66666667
630.09,13.66666667
630.0276,13.66666667
629.9652,13.66666667
629.9028,13.66666667
629.8404,13
629.778,13
629.7156,13
629.6532,13
629.5908,13
629.5284,13
629.466,13
629.4036,13
629.3412,13
629.2788,12
629.2164,13
629.154,13
629.0916,13.33333333
629.0292,13.33333333
628.9668,13.33333333
628.9044,13.33333333
628.842,13.33333333
628.7796,13.33333333
628.7172,13.33333333
628.6548,13.33333333
628.5924,13.33333333
628.53,13.33333333
628.4676,13
628.4052,13
628.3428,12.66666667
628.2804,12.66666667
628.218,12.33333333
628.1556,12.33333333
628.0932,12.33333333
628.0308,12.33333333
627.9684,12
627.906,12
627.8436,13
627.7812,13
627.7188,12
627.6564,12
627.594,12
627.5316,13
627.4692,13
627.4068,13
627.3444,13
627.282,13
627.2196,12.33333333
627.1572,12.33333333
627.0948,12.33333333
627.0324,12.33333333
626.97,12.33333333
626.9076,12.33333333
626.8452,12.33333333
626.7828,11.33333333
626.7204,12.33333333
626.658,12.33333333
626.5956,12.33333333
626.5332,12.33333333
626.4708,11.33333333
626.4084,11.33333333
626.346,13
626.2836,13
626.2212,13
626.1588,13
626.0964,13
626.034,13
625.9716,11.33333333
625.9092,11.33333333
625.8468,12.33333333
625.7844,12.33333333
625.722,11
625.6596,11
625.5972,12
625.5348,12
625.4724,12
625.41,12
625.3476,12
625.2852,12
625.2228,12.33333333
625.1604,12.33333333
625.098,12
625.0356,12
624.9732,13
624.9108,13
624.8484,13
624.786,13
624.7236,12.33333333
624.6612,12.33333333
624.5988,12.33333333
624.5364,12.33333333
624.474,12.33333333
624.4116,11.33333333
624.3492,12.33333333
624.2868,12.33333333
624.2244,11.33333333
624.162,11.33333333
624.0996,12.33333333
624.0372,12.33333333
623.9748,12.33333333
623.9124,11.33333333
623.85,12.33333333
623.7876,12.33333333
623.7252,12
623.6628,13
623.6004,13
623.538,13
623.4756,12.33333333
623.4132,11.33333333
623.3508,11.33333333
623.2884,12.33333333
623.226,12.33333333
623.1636,11.33333333
623.1012,12
623.0388,12
622.9764,12
622.914,12
622.8516,12
622.7892,12
622.7268,12
622.6644,12
622.602,11.33333333
622.5396,12.33333333
622.4772,12.33333333
622.4148,12.33333333
622.3524,12.33333333
622.29,12.33333333
622.2276,12
622.1652,12
622.1028,12.33333333
622.0404,11.33333333
621.978,12
621.9156,12
621.8532,11.33333333
621.7908,11.33333333
621.7284,12.33333333
621.666,12.33333333
621.6036,12.33333333
621.5412,11.33333333
621.4788,11.33333333
621.4164,11.33333333
621.354,11.33333333
621.2916,11.33333333
621.2292,12.33333333
621.1668,11.33333333
621.1044,11.33333333
621.042,12.33333333
620.9796,12.33333333
620.9172,12.33333333
620.8548,12.33333333
620.7924,11.33333333
620.73,11.33333333
620.6676,11.33333333
620.6052,13
620.5428,12
620.4804,11.33333333
620.418,11.33333333
620.3556,11.33333333
620.2932,12.33333333
620.2308,12.33333333
620.1684,11.33333333
620.106,11.33333333
620.0436,11.33333333
619.9812,11.33333333
619.9188,11.33333333
619.8564,11.33333333
619.794,12.33333333
619.7316,12.33333333
619.6692,12.33333333
619.6068,12
619.5444,12
619.482,12
619.4196,12
619.3572,11
619.2948,11
619.2324,12
619.17,12
619.1076,11.33333333
619.0452,11.33333333
618.9828,12.33333333
618.9204,12.33333333
618.858,12.33333333
618.7956,11.33333333
618.7332,11.33333333
618.6708,12.33333333
618.6084,12.33333333
618.546,12.33333333
618.4836,12.33333333
618.4212,12.33333333
618.3588,11.33333333
618.2964,11.33333333
618.234,12.33333333
618.1716,12.33333333
618.1092,11.33333333
618.0468,11.33333333
617.9844,11.33333333
617.922,11.33333333
617.8596,11.33333333
617.7972,11.33333333
617.7348,12.33333333
617.6724,12.33333333
617.61,12.33333333
617.5476,11.33333333
617.4852,11.33333333
617.4228,11.33333333
617.3604,12.33333333
617.298,12.33333333
617.2356,11.33333333
617.1732,12.33333333
617.1108,12.33333333
617.0484,12.33333333
616.986,11.33333333
616.9236,11.33333333
616.8612,11.33333333
616.7988,12.33333333
616.7364,12.33333333
616.674,12.33333333
616.6116,12.33333333
616.5492,12.33333333
616.4868,12.33333333
616.4244,12.33333333
616.362,12.33333333
616.2996,12.33333333
616.2372,12.33333333
616.1748,12.33333333
616.1124,11.33333333
616.05,11.33333333
615.9876,12.33333333
615.9252,12.33333333
615.8628,12
615.8004,11
615.738,12
615.6756,12
615.6132,11
615.5508,11
615.4884,11
615.426,11
615.3636,11.33333333
615.3012,12.33333333
615.2388,12.33333333
615.1764,11.33333333
615.114,11.33333333
615.0516,11.33333333
614.9892,12.33333333
614.9268,12.33333333
614.8644,12.33333333
614.802,12.33333333
614.7396,12.33333333
614.6772,12.33333333
614.6148,12.33333333
614.5524,12.33333333
614.49,12.33333333
614.4276,12.33333333
614.3652,12.33333333
614.3028,12.33333333
614.2404,12.33333333
614.178,12.33333333
614.1156,11.66666667
614.0532,10.66666667
613.9908,10.66666667
613.9284,11.66666667
613.866,11.66666667
613.8036,10.66666667
613.7412,12.33333333
613.6788,12.33333333
613.6164,11.33333333
613.554,11.33333333
613.4916,12.33333333
613.4292,12.33333333
613.3668,11.33333333
613.3044,12.33333333
613.242,12
613.1796,11
613.1172,11
613.0548,11
612.9924,11
612.93,11
612.8676,11.33333333
612.8052,12.33333333
612.7428,11.33333333
612.6804,11.33333333
612.618,11.33333333
612.5556,11.33333333
612.4932,11.33333333
612.4308,12.33333333
612.3684,11.33333333
612.306,11.33333333
612.2436,11.33333333
612.1812,12.33333333
612.1188,12.33333333
612.0564,12.33333333
611.994,12.33333333
611.9316,12.33333333
611.8692,11.33333333
611.8068,11.33333333
611.7444,11.33333333
611.682,11.33333333
611.6196,11.33333333
611.5572,11.33333333
611.4948,12.33333333
611.4324,12.33333333
611.37,12.33333333
611.3076,12.33333333
611.2452,12.33333333
611.1828,12.33333333
611.1204,12.33333333
611.058,12.33333333
610.9956,11.33333333
610.9332,11.33333333
610.8708,11.33333333
610.8084,11.33333333
610.746,11.66666667
610.6836,11.66666667
610.6212,11.66666667
610.5588,11.66666667
610.4964,11.66666667
610.434,10.66666667
610.3716,10.66666667
610.3092,11.66666667
610.2468,11.66666667
610.1844,11.66666667
610.122,11.66666667
610.0596,11.66666667
609.9972,12.33333333
609.9348,12.33333333
609.8724,12.33333333
609.81,11.33333333
609.7476,12.33333333
609.6852,12.33333333
609.6228,12.33333333
609.5604,12.33333333
609.498,12.33333333
609.4356,11.33333333
609.3732,11
609.3108,12
609.2484,12
609.186,12
609.1236,11
609.0612,11
608.9988,11
608.9364,12
608.874,12
608.8116,12
608.7492,10.66666667
608.6868,10.66666667
608.6244,11.33333333
608.562,11.33333333
608.4996,11.66666667
608.4372,11.66666667
608.3748,12.33333333
608.3124,12.33333333
608.25,12.33333333
608.1876,12.33333333
608.1252,11.33333333
608.0628,11.33333333
608.0004,11.33333333
607.938,11.33333333
607.8756,11.33333333
607.8132,11.33333333
607.7508,11.33333333
607.6884,12.33333333
607.626,12.33333333
607.5636,12.33333333
607.5012,12.33333333
607.4388,12.33333333
607.3764,12.33333333
607.314,12.33333333
607.2516,12.33333333
607.1892,11.33333333
607.1268,11.33333333
607.0644,11.33333333
607.002,11.33333333
606.9396,11.33333333
606.8772,12.33333333
606.8148,12.33333333
606.7524,11.33333333
606.69,12.33333333
606.6276,11.66666667
606.5652,11.66666667
606.5028,11.66666667
606.4404,11.66666667
606.378,11.66666667
606.3156,11.66666667
606.2532,11.66666667
606.1908,10.66666667
606.1284,11.66666667
606.066,11.66666667
606.0036,11.66666667
605.9412,11.66666667
605.8788,11.33333333
605.8164,10.33333333
605.754,11.33333333
605.6916,11.33333333
605.6292,11.33333333
605.5668,11.33333333
605.5044,11.33333333
605.442,11.33333333
605.3796,11.33333333
605.3172,11.33333333
605.2548,12
605.1924,12
605.13,12
605.0676,12
605.0052,12
604.9428,12
604.8804,12
604.818,11
604.7556,12.33333333
604.6932,12.33333333
604.6308,12.33333333
604.5684,12.33333333
604.506,12.33333333
604.4436,12.33333333
604.3812,12.33333333
604.3188,13.33333333
604.2564,12.33333333
604.194,12.33333333
604.1316,12
604.0692,12
604.0068,12
603.9444,12
603.882,12
603.8196,12
603.7572,12
603.6948,12
603.6324,12
603.57,12
603.5076,12.33333333
603.4452,12.33333333
603.3828,12.33333333
603.3204,12.33333333
603.258,12.33333333
603.1956,12.33333333
603.1332,12.33333333
603.0708,11.33333333
603.0084,11.33333333
602.946,12.33333333
602.8836,12.33333333
602.8212,12.33333333
602.7588,12
602.6964,12
602.634,12
602.5716,12
602.5092,12
602.4468,12
602.3844,12.33333333
602.322,12.33333333
602.2596,12.33333333
602.1972,12.33333333
602.1348,12.33333333
602.0724,12.33333333
602.01,12.33333333
601.9476,12.33333333
601.8852,12.33333333
601.8228,12.33333333
601.7604,12.33333333
601.698,12.33333333
601.6356,12
601.5732,12
601.5108,12
601.4484,12
601.386,12
601.3236,12
601.2612,12.33333333
601.1988,12.33333333
601.1364,13
601.074,13
601.0116,14
600.9492,14
600.8868,13.33333333
600.8244,12.33333333
600.762,13.33333333
600.6996,13.33333333
600.6372,12.33333333
600.5748,12.33333333
600.5124,13
600.45,13
600.3876,13
600.3252,13
600.2628,13
600.2004,13
600.138,13
600.0756,13
600.0132,13
599.9508,13
599.8884,12.33333333
599.826,12.33333333
599.7636,12
599.7012,12
599.6388,12
599.5764,12
599.514,12
599.4516,12
599.3892,12
599.3268,12
599.2644,12
599.202,12
599.1396,12.33333333
599.0772,12.33333333
599.0148,11.66666667
598.9524,12.66666667
598.89,12.66666667
598.8276,11.66666667
598.7652,11.66666667
598.7028,11.66666667
598.6404,11.33333333
598.578,11.33333333
598.5156,11.33333333
598.4532,11.33333333
598.3908,11.33333333
598.3284,11.33333333
598.266,11.33333333
598.2036,11.33333333
598.1412,11.33333333
598.0788,11.33333333
598.0164,12.33333333
597.954,12.33333333
597.8916,12.33333333
597.8292,11.33333333
597.7668,11.33333333
597.7044,11.33333333
597.642,12.33333333
597.5796,12.33333333
597.5172,11.33333333
597.4548,11.33333333
597.3924,11.33333333
597.33,12.33333333
597.2676,11.66666667
597.2052,11.66666667
597.1428,11.66666667
597.0804,11.66666667
597.018,12.66666667
596.9556,12.66666667
596.8932,12.66666667
596.8308,12.66666667
596.7684,11.33333333
596.706,11.33333333
596.6436,11.33333333
596.5812,11.33333333
596.5188,11.33333333
596.4564,11.33333333
596.394,11.33333333
596.3316,11.33333333
596.2692,12.33333333
596.2068,12.33333333
596.1444,13
596.082,13
596.0196,12
595.9572,13
595.8948,13
595.8324,13
595.77,13
595.7076,13
595.6452,12.33333333
595.5828,12.33333333
595.5204,12.33333333
595.458,12.33333333
595.3956,12.33333333
595.3332,12.33333333
595.2708,12.33333333
595.2084,12.33333333
595.146,13
595.0836,13
595.0212,12
594.9588,12
594.8964,13
594.834,13
594.7716,13
594.7092,13
594.6468,12
594.5844,12
594.522,11.66666667
594.4596,12.66666667
594.3972,12.66666667
594.3348,11.66666667
594.2724,12.66666667
594.21,12.66666667
594.1476,13
594.0852,13
594.0228,13
593.9604,12
593.898,13
593.8356,13
593.7732,12.66666667
593.7108,12.66666667
593.6484,12.66666667
593.586,12.66666667
593.5236,12.66666667
593.4612,12.66666667
593.3988,12.66666667
593.3364,12.66666667
593.274,12.66666667
593.2116,12.66666667
593.1492,12.66666667
593.0868,11.66666667
593.0244,12.66666667
592.962,12.66666667
592.8996,12.66666667
592.8372,12.66666667
592.7748,12.33333333
592.7124,12.33333333
592.65,12.66666667
592.5876,12.66666667
592.5252,12.66666667
592.4628,12.66666667
592.4004,12.66666667
592.338,12.66666667
592.2756,12.66666667
592.2132,12.66666667
592.1508,13
592.0884,13
592.026,12.33333333
591.9636,12.33333333
591.9012,12.33333333
591.8388,12.33333333
591.7764,12.33333333
591.714,12.33333333
591.6516,12.33333333
591.5892,12.33333333
591.5268,12.33333333
591.4644,12.33333333
591.402,12.33333333
591.3396,12.33333333
591.2772,12.33333333
591.2148,12.33333333
591.1524,12.33333333
591.09,12.33333333
591.0276,12.33333333
590.9652,12.33333333
590.9028,12.33333333
590.8404,12.33333333
590.778,12.33333333
590.7156,12.33333333
590.6532,12.33333333
590.5908,12.33333333
590.5284,12.33333333
590.466,12.33333333
590.4036,12.33333333
590.3412,12.33333333
590.2788,12.33333333
590.2164,12.33333333
590.154,12.33333333
590.0916,13.33333333
590.0292,13.33333333
589.9668,13.33333333
589.9044,13.33333333
589.842,12.33333333
589.7796,13.33333333
589.7172,13.33333333
589.6548,12.33333333
589.5924,12.33333333
589.53,11.66666667
589.4676,11.66666667
589.4052,12.33333333
589.3428,12.33333333
589.2804,13.33333333
589.218,13.33333333
589.1556,13.33333333
589.0932,13.33333333
589.0308,13.33333333
588.9684,13.33333333
588.906,13.33333333
588.8436,13.33333333
588.7812,13.33333333
588.7188,13.33333333
588.6564,13.33333333
588.594,13.33333333
588.5316,13.66666667
588.4692,13.66666667
588.4068,14.66666667
588.3444,15.66666667
588.282,14.66666667
588.2196,14.66666667
588.1572,14.66666667
588.0948,13.66666667
588.0324,14.33333333
587.97,14.33333333
587.9076,15
587.8452,14
587.7828,14.66666667
587.7204,14.66666667
587.658,14.66666667
587.5956,14.66666667
587.5332,14.66666667
587.4708,14.66666667
587.4084,15.66666667
587.346,15.66666667
587.2836,14.66666667
587.2212,14.66666667
587.1588,14.66666667
587.0964,15.66666667
587.034,16.66666667
586.9716,16.66666667
586.9092,16.33333333
586.8468,16.33333333
586.7844,16.33333333
586.722,16.33333333
586.6596,17.33333333
586.5972,17.33333333
586.5348,17.33333333
586.4724,17.33333333
586.41,17
586.3476,17
586.2852,18
586.2228,18
586.1604,18
586.098,18
586.0356,18.33333333
585.9732,19.33333333
585.9108,19.33333333
585.8484,19.33333333
585.786,20.33333333
585.7236,20.33333333
585.6612,20.33333333
585.5988,20.33333333
585.5364,20
585.474,20
585.4116,21.33333333
585.3492,22.33333333
585.2868,21
585.2244,21
585.162,22.66666667
585.0996,22.66666667
585.0372,23.33333333
584.9748,23.33333333
584.9124,24.33333333
584.85,24.33333333
584.7876,26
584.7252,25
584.6628,26
584.6004,27
584.538,27.33333333
584.4756,26.33333333
584.4132,27.66666667
584.3508,28.66666667
584.2884,29
584.226,29
584.1636,29.33333333
584.1012,28.33333333
584.0388,29
583.9764,29
583.914,31
583.8516,32
583.7892,32.66666667
583.7268,32.66666667
583.6644,33.33333333
583.602,33.33333333
583.5396,34.33333333
583.4772,34.33333333
583.4148,35
583.3524,36
583.29,35.66666667
583.2276,37.66666667
583.1652,40.33333333
583.1028,40.33333333
583.0404,40.66666667
582.978,39.66666667
582.9156,40.33333333
582.8532,41.33333333
582.7908,43.33333333
582.7284,43.33333333
582.666,43.33333333
582.6036,43.33333333
582.5412,42.66666667
582.4788,43.66666667
582.4164,44.66666667
582.354,44.66666667
582.2916,44.33333333
582.2292,46.33333333
582.1668,47.33333333
582.1044,48.33333333
582.042,50.33333333
581.9796,50.33333333
581.9172,49.66666667
581.8548,50.66666667
581.7924,52.33333333
581.73,52.33333333
581.6676,52
581.6052,53
581.5428,54
581.4804,54
581.418,55
581.3556,56
581.2932,56
581.2308,56
581.1684,56.66666667
581.106,56.66666667
581.0436,57.66666667
580.9812,58.66666667
580.9188,58.33333333
580.8564,58.33333333
580.794,59
580.7316,60
580.6692,58.33333333
580.6068,58.33333333
580.5444,59
580.482,60
580.4196,59
580.3572,58.33333333
580.2948,58.33333333
580.2324,57.66666667
580.17,57.66666667
580.1076,58.66666667
580.0452,58
579.9828,57
579.9204,57
579.858,57
579.7956,56
579.7332,56
579.6708,55.66666667
579.6084,55.66666667
579.546,55
579.4836,55
579.4212,55
579.3588,56
579.2964,54.33333333
579.234,53.33333333
579.1716,52.33333333
579.1092,53.33333333
579.0468,53.33333333
578.9844,51.66666667
578.922,51
578.8596,51
578.7972,50.33333333
578.7348,50.33333333
578.6724,49.33333333
578.61,49.33333333
578.5476,48.66666667
578.4852,48.66666667
578.4228,47.66666667
578.3604,47.66666667
578.298,49
578.2356,48
578.1732,46.33333333
578.1108,46.33333333
578.0484,47.66666667
577.986,45.66666667
577.9236,44
577.8612,45
577.7988,45.66666667
577.7364,44.66666667
577.674,43.66666667
577.6116,42.66666667
577.5492,44
577.4868,43
577.4244,42
577.362,43
577.2996,42
577.2372,42
577.1748,41.33333333
577.1124,42.33333333
577.05,42.33333333
576.9876,41.33333333
576.9252,41.33333333
576.8628,41.33333333
576.8004,41.66666667
576.738,42.66666667
576.6756,42.66666667
576.6132,41.66666667
576.5508,40.66666667
576.4884,41.66666667
576.426,41.66666667
576.3636,40.66666667
576.3012,40.66666667
576.2388,40.66666667
576.1764,40.66666667
576.114,40.66666667
576.0516,40.66666667
575.9892,40.66666667
575.9268,40
575.8644,40
575.802,38.33333333
575.7396,39.33333333
575.6772,40.33333333
575.6148,39.33333333
575.5524,39.66666667
575.49,39.66666667
575.4276,37.66666667
575.3652,36.66666667
575.3028,37.66666667
575.2404,37.66666667
575.178,38.33333333
575.1156,38.33333333
575.0532,37.33333333
574.9908,36.33333333
574.9284,36.33333333
574.866,36.33333333
574.8036,35.33333333
574.7412,36.33333333
574.6788,36.33333333
574.6164,35.33333333
574.554,35
574.4916,35
574.4292,35.33333333
574.3668,33.33333333
574.3044,33.33333333
574.242,34.33333333
574.1796,34.33333333
574.1172,34.33333333
574.0548,33.33333333
573.9924,33.33333333
573.93,32.33333333
573.8676,33.33333333
573.8052,33
573.7428,32
573.6804,32
573.618,31
573.5556,31
573.4932,31
573.4308,31
573.3684,31
573.306,32
573.2436,31
573.1812,30.33333333
573.1188,30.33333333
573.0564,29.33333333
572.994,29.33333333
572.9316,30.33333333
572.8692,30.33333333
572.8068,31
572.7444,29
572.682,30
572.6196,31
572.5572,30.33333333
572.4948,28.33333333
572.4324,27.33333333
572.37,28.33333333
572.3076,29.33333333
572.2452,28.33333333
572.1828,28.66666667
572.1204,28.66666667
572.058,27.66666667
571.9956,27.66666667
571.9332,28
571.8708,28
571.8084,27
571.746,27
571.6836,27.66666667
571.6212,27.66666667
571.5588,26.66666667
571.4964,26.66666667
571.434,28
571.3716,27
571.3092,26
571.2468,26
571.1844,26
571.122,26
571.0596,26.33333333
570.9972,26.33333333
570.9348,26.33333333
570.8724,26.33333333
570.81,26.66666667
570.7476,25.66666667
570.6852,24.66666667
570.6228,24.66666667
570.5604,25.66666667
570.498,25.66666667
570.4356,24.66666667
570.3732,23.66666667
570.3108,24
570.2484,24
570.186,24
570.1236,24
570.0612,24
569.9988,24
569.9364,24
569.874,24
569.8116,23
569.7492,24
569.6868,24
569.6244,23
569.562,23.33333333
569.4996,22.33333333
569.4372,22.33333333
569.3748,23.33333333
569.3124,22
569.25,23
569.1876,23
569.1252,22
569.0628,22.33333333
569.0004,21.33333333
568.938,22.33333333
568.8756,22.33333333
568.8132,22
568.7508,21
568.6884,21
568.626,21
568.5636,21
568.5012,20
568.4388,20
568.3764,20
568.314,20
568.2516,20
568.1892,20
568.1268,20
568.0644,20.33333333
568.002,20.33333333
567.9396,20.33333333
567.8772,19.33333333
567.8148,20.33333333
567.7524,20.33333333
567.69,19.33333333
567.6276,18.33333333
567.5652,19.33333333
567.5028,19.33333333
567.4404,19.33333333
567.378,20.33333333
567.3156,18.33333333
567.2532,18.33333333
567.1908,18.33333333
567.1284,18.33333333
567.066,18.33333333
567.0036,17.33333333
566.9412,17.33333333
566.8788,17.33333333
566.8164,18.33333333
566.754,17.33333333
566.6916,18
566.6292,18
566.5668,18
566.5044,18
566.442,18
566.3796,17
566.3172,16.66666667
566.2548,16.66666667
566.1924,16.66666667
566.13,16.66666667
566.0676,16.66666667
566.0052,16.66666667
565.9428,16.66666667
565.8804,16.66666667
565.818,17
565.7556,17
565.6932,16
565.6308,16
565.5684,16
565.506,16
565.4436,16
565.3812,16
565.3188,16
565.2564,16
565.194,16
565.1316,15
565.0692,15
565.0068,15
564.9444,15.66666667
564.882,15.66666667
564.8196,15.66666667
564.7572,15.66666667
564.6948,15.66666667
564.6324,15.66666667
564.57,14.33333333
564.5076,14.33333333
564.4452,15.33333333
564.3828,15.33333333
564.3204,15.33333333
564.258,15.33333333
564.1956,15.33333333
564.1332,14.33333333
564.0708,15.33333333
564.0084,15.33333333
563.946,15.33333333
563.8836,15.33333333
563.8212,15.66666667
563.7588,14.66666667
563.6964,13.33333333
563.634,14.33333333
563.5716,14.33333333
563.5092,14.33333333
563.4468,14.33333333
563.3844,14.33333333
563.322,15
563.2596,15
563.1972,14.33333333
563.1348,14.33333333
563.0724,14.33333333
563.01,14.33333333
562.9476,14.33333333
562.8852,14.33333333
562.8228,14.33333333
562.7604,14.33333333
562.698,14.33333333
562.6356,14.33333333
562.5732,13.33333333
562.5108,13.33333333
562.4484,13.33333333
562.386,13.33333333
562.3236,13.33333333
562.2612,13.33333333
562.1988,13.33333333
562.1364,13.33333333
562.074,14
562.0116,14
561.9492,14
561.8868,14
561.8244,14
561.762,14
561.6996,14
561.6372,14
561.5748,14
561.5124,14
561.45,14
561.3876,14
561.3252,13
561.2628,13
561.2004,13
561.138,14
561.0756,14
561.0132,14
560.9508,13
560.8884,13
560.826,13
560.7636,13
560.7012,14
560.6388,14
560.5764,13
560.514,13
560.4516,13
560.3892,13
560.3268,14
560.2644,13
560.202,13
560.1396,13
560.0772,14
560.0148,14
559.9524,14
559.89,14
559.8276,13
559.7652,14
559.7028,13
559.6404,12
559.578,13
559.5156,14
559.4532,14
559.3908,13
559.3284,13
559.266,13
559.2036,13
559.1412,13
559.0788,13
559.0164,13
558.954,13
558.8916,13
558.8292,13
558.7668,14
558.7044,14
558.642,14
558.5796,13
558.5172,13
558.4548,13
558.3924,13
558.33,13
558.2676,13
558.2052,13
558.1428,13
558.0804,13
558.018,13
557.9556,14
557.8932,14
557.8308,13.33333333
557.7684,13.33333333
557.706,13.33333333
557.6436,13.33333333
557.5812,13.33333333
557.5188,12.33333333
557.4564,13
557.394,13
557.3316,14
557.2692,14
557.2068,13
557.1444,14
557.082,13
557.0196,13
556.9572,14
556.8948,14
556.8324,14
556.77,13
556.7076,13
556.6452,13
556.5828,14
556.5204,14
556.458,14
556.3956,14
556.3332,13.33333333
556.2708,13.33333333
556.2084,13.33333333
556.146,13.33333333
556.0836,13.33333333
556.0212,12.33333333
555.9588,12.33333333
555.8964,13.33333333
555.834,13.33333333
555.7716,13.33333333
555.7092,13.33333333
555.6468,13.33333333
555.5844,12.33333333
555.522,12.33333333
555.4596,12.33333333
555.3972,12.33333333
555.3348,13.33333333
555.2724,13.33333333
555.21,13.33333333
555.1476,13.33333333
555.0852,13.33333333
555.0228,12.33333333
554.9604,12.33333333
554.898,13.33333333
554.8356,12.33333333
554.7732,12.33333333
554.7108,12.33333333
554.6484,12.33333333
554.586,12.33333333
554.5236,12.33333333
554.4612,12.33333333
554.3988,12.33333333
554.3364,13
554.274,13
554.2116,13
554.1492,13
554.0868,14
554.0244,14
553.962,14
553.8996,13
553.8372,13
553.7748,13
553.7124,12.33333333
553.65,13.33333333
553.5876,13.33333333
553.5252,13.33333333
553.4628,12.33333333
553.4004,12.33333333
553.338,13.33333333
553.2756,12.33333333
553.2132,12.33333333
553.1508,12.33333333
553.0884,12.33333333
553.026,12.33333333
552.9636,12.33333333
552.9012,12.33333333
552.8388,12.33333333
552.7764,12.33333333
552.714,12.33333333
552.6516,12.33333333
552.5892,12.33333333
552.5268,13.33333333
552.4644,13.33333333
552.402,12.33333333
552.3396,13
552.2772,13
552.2148,13
552.1524,13
552.09,13
552.0276,13
551.9652,13
551.9028,12
551.8404,13
551.778,13
551.7156,13
551.6532,13
551.5908,12.33333333
551.5284,12.33333333
551.466,12.33333333
551.4036,12.33333333
551.3412,12.33333333
551.2788,12.33333333
551.2164,12.33333333
551.154,11.33333333
551.0916,11.33333333
551.0292,12.33333333
550.9668,12.33333333
550.9044,12.33333333
550.842,13.33333333
550.7796,13.33333333
550.7172,12.33333333
550.6548,12.33333333
550.5924,12.33333333
550.53,12.33333333
550.4676,12.33333333
550.4052,12.33333333
550.3428,12.33333333
550.2804,12.33333333
550.218,13
550.1556,13
550.0932,13
550.0308,13
549.9684,13
549.906,13
549.8436,12.66666667
549.7812,12.66666667
549.7188,12.66666667
549.6564,12.66666667
549.594,12.66666667
549.5316,12.66666667
549.4692,12.66666667
549.4068,12.66666667
549.3444,12.66666667
549.282,12.66666667
549.2196,13
549.1572,13
549.0948,13
549.0324,13
548.97,13
548.9076,13
548.8452,13
548.7828,13
548.7204,13
548.658,13
548.5956,13
548.5332,13
548.4708,12.33333333
548.4084,12.33333333
548.346,12.33333333
548.2836,12.33333333
548.2212,14
548.1588,14
548.0964,13
548.034,13
547.9716,13
547.9092,13
547.8468,13
547.7844,13
547.722,13
547.6596,13
547.5972,13
547.5348,13
547.4724,13
547.41,13
547.3476,13
547.2852,13
547.2228,13
547.1604,13
547.098,13
547.0356,14
546.9732,14
546.9108,14
546.8484,14
546.786,14
546.7236,14
546.6612,13
546.5988,13
546.5364,13
546.474,13
546.4116,13
546.3492,13.33333333
546.2868,13.33333333
546.2244,13.33333333
546.162,13.33333333
546.0996,12.66666667
546.0372,12.66666667
545.9748,12.66666667
545.9124,12.66666667
545.85,13.33333333
545.7876,13.33333333
545.7252,12.66666667
545.6628,12.66666667
545.6004,13.33333333
545.538,13.33333333
545.4756,13.33333333
545.4132,13.33333333
545.3508,13.33333333
545.2884,12.66666667
545.226,12.66666667
545.1636,13.33333333
545.1012,13.33333333
545.0388,13.33333333
544.9764,13.33333333
544.914,13.33333333
544.8516,13.33333333
544.7892,13.33333333
544.7268,13.33333333
544.6644,13.33333333
544.602,13.33333333
544.5396,13.33333333
544.4772,13.33333333
544.4148,13.33333333
544.3524,13.33333333
544.29,13.33333333
544.2276,13.33333333
544.1652,13.33333333
544.1028,13.33333333
544.0404,13.33333333
543.978,13.33333333
543.9156,13.33333333
543.8532,13.33333333
543.7908,13.33333333
543.7284,13.33333333
543.666,13.33333333
543.6036,13.33333333
543.5412,13.33333333
543.4788,13.33333333
543.4164,13.33333333
543.354,13.33333333
543.2916,13.33333333
543.2292,13.33333333
543.1668,13.33333333
543.1044,12.66666667
543.042,13.33333333
542.9796,13.33333333
542.9172,14.33333333
542.8548,14.33333333
542.7924,14.33333333
542.73,14.33333333
542.6676,14.33333333
542.6052,13.33333333
542.5428,13.33333333
542.4804,13.33333333
542.418,13.33333333
542.3556,13.33333333
542.2932,13.33333333
542.2308,13.33333333
542.1684,13.33333333
542.106,13.33333333
542.0436,13.33333333
541.9812,14.33333333
541.9188,14.33333333
541.8564,14.33333333
541.794,13.33333333
541.7316,13.33333333
541.6692,13.33333333
541.6068,13.33333333
541.5444,14.33333333
541.482,14
541.4196,14
541.3572,14
541.2948,14
541.2324,14
541.17,14
541.1076,14
541.0452,14
540.9828,14
540.9204,14
540.858,14
540.7956,14
540.7332,14.66666667
540.6708,14.66666667
540.6084,14.66666667
540.546,14.66666667
540.4836,14.66666667
540.4212,14
540.3588,14
540.2964,14
540.234,15
540.1716,15
540.1092,15
540.0468,15
539.9844,15
539.922,15
539.8596,15
539.7972,15
539.7348,15
539.6724,15
539.61,15
539.5476,15
539.4852,15
539.4228,16
539.3604,14.66666667
539.298,14.66666667
539.2356,14.66666667
539.1732,14.66666667
539.1108,15.66666667
539.0484,15.66666667
538.986,14.66666667
538.9236,14.66666667
538.8612,15.66666667
538.7988,15.66666667
538.7364,15.66666667
538.674,15.66666667
538.6116,15.66666667
538.5492,15.66666667
538.4868,15.66666667
538.4244,15.66666667
538.362,15.66666667
538.2996,15.66666667
538.2372,15.66666667
538.1748,15.66666667
538.1124,15.66666667
538.05,15.66666667
537.9876,15.66666667
537.9252,15.66666667
537.8628,15.66666667
537.8004,15.66666667
537.738,15.66666667
537.6756,15.66666667
537.6132,15.66666667
537.5508,15.66666667
537.4884,15.66666667
537.426,15.66666667
537.3636,15
537.3012,15
537.2388,15.66666667
537.1764,15.66666667
537.114,15.66666667
537.0516,15.66666667
536.9892,16.66666667
536.9268,16.66666667
536.8644,15.66666667
536.802,15.66666667
536.7396,15.66666667
536.6772,15.66666667
536.6148,16.66666667
536.5524,16.66666667
536.49,16.66666667
536.4276,16.66666667
536.3652,16.66666667
536.3028,16.66666667
536.2404,16.66666667
536.178,16.66666667
536.1156,16.66666667
536.0532,16.66666667
535.9908,17.66666667
535.9284,17.66666667
535.866,16.33333333
535.8036,16.33333333
535.7412,17.33333333
535.6788,17.33333333
535.6164,17.33333333
535.554,17.33333333
535.4916,17.33333333
535.4292,17.33333333
535.3668,16.33333333
535.3044,16.33333333
535.242,16.66666667
535.1796,17.66666667
535.1172,17.66666667
535.0548,16.66666667
534.9924,16.66666667
534.93,16.66666667
534.8676,16.66666667
534.8052,17.33333333
534.7428,17.33333333
534.6804,18
534.618,18
534.5556,18
534.4932,18
534.4308,18
534.3684,18.66666667
534.306,18.66666667
534.2436,18.66666667
534.1812,18.66666667
534.1188,19.33333333
534.0564,19.33333333
533.994,19
533.9316,19
533.8692,19.66666667
533.8068,19.66666667
533.7444,19
533.682,19
533.6196,19
533.5572,19.66666667
533.4948,20.66666667
533.4324,20.66666667
533.37,21.66666667
533.3076,20.66666667
533.2452,20.66666667
533.1828,20.66666667
533.1204,21.66666667
533.058,21.66666667
532.9956,21.66666667
532.9332,21.66666667
532.8708,21.33333333
532.8084,20.33333333
532.746,21.33333333
532.6836,22.33333333
532.6212,21.33333333
532.5588,21.33333333
532.4964,20.66666667
532.434,20.66666667
532.3716,20.66666667
532.3092,20.66666667
532.2468,21.33333333
532.1844,21.33333333
532.122,21.66666667
532.0596,21.66666667
531.9972,21.66666667
531.9348,21.66666667
531.8724,21.66666667
531.81,21.66666667
531.7476,21.66666667
531.6852,22.66666667
531.6228,22.66666667
531.5604,21.66666667
531.498,21.66666667
531.4356,22.66666667
531.3732,22
531.3108,22
531.2484,22
531.186,23
531.1236,23
531.0612,23
530.9988,22.66666667
530.9364,22.66666667
530.874,22.33333333
530.8116,23
530.7492,23
530.6868,24
530.6244,23.66666667
530.562,23.66666667
530.4996,23.66666667
530.4372,23.66666667
530.3748,24.66666667
530.3124,25.66666667
530.25,25.33333333
530.1876,25.33333333
530.1252,26
530.0628,26
530.0004,26
529.938,27
529.8756,26.33333333
529.8132,27
529.7508,27.66666667
529.6884,28.33333333
529.626,29
529.5636,29
529.5012,28.66666667
529.4388,30.66666667
529.3764,30.33333333
529.314,31.33333333
529.2516,30.33333333
529.1892,31.33333333
529.1268,31.66666667
529.0644,33.66666667
529.002,33
528.9396,32.33333333
528.8772,33.33333333
528.8148,35.33333333
528.7524,34.33333333
528.69,34.33333333
528.6276,35.66666667
528.5652,36.66666667
528.5028,36.66666667
528.4404,36.66666667
528.378,38
528.3156,38.66666667
528.2532,39
528.1908,39.66666667
528.1284,39.66666667
528.066,40.33333333
528.0036,40.66666667
527.9412,41.66666667
527.8788,41.33333333
527.8164,43
527.754,43
527.6916,43
527.6292,43.66666667
527.5668,44.66666667
527.5044,45.66666667
527.442,46.66666667
527.3796,46.33333333
527.3172,47.33333333
527.2548,49.66666667
527.1924,49.66666667
527.13,47.66666667
527.0676,53.66666667
527.0052,54
526.9428,52
526.8804,53
526.818,53
526.7556,54
526.6932,56.66666667
526.6308,59
526.5684,57
526.506,56.66666667
526.4436,61
526.3812,63.66666667
526.3188,60.66666667
526.2564,64
526.194,71
526.1316,68
526.0692,65.66666667
526.0068,69.33333333
525.9444,71.33333333
525.882,75
525.8196,77.33333333
525.7572,77.66666667
525.6948,79
525.6324,80
525.57,83
525.5076,86
525.4452,86.33333333
525.3828,90.33333333
525.3204,88.33333333
525.258,89.33333333
525.1956,90
525.1332,89.66666667
525.0708,91.66666667
525.0084,94.66666667
524.946,94.66666667
524.8836,95.66666667
524.8212,96.66666667
524.7588,97.33333333
524.6964,97.33333333
524.634,99.66666667
524.5716,101.6666667
524.5092,102.3333333
524.4468,102.3333333
524.3844,102.6666667
524.322,103.6666667
524.2596,103.6666667
524.1972,102.6666667
524.1348,103
524.0724,103
524.01,101.6666667
523.9476,101.6666667
523.8852,102.3333333
523.8228,100.3333333
523.7604,100.6666667
523.698,98.66666667
523.6356,94.66666667
523.5732,94.66666667
523.5108,95.66666667
523.4484,93.33333333
523.386,90
523.3236,90.33333333
523.2612,89
523.1988,88.33333333
523.1364,90
523.074,88
523.0116,86.33333333
522.9492,85.33333333
522.8868,85
522.8244,84
522.762,83.66666667
522.6996,84.33333333
522.6372,86
522.5748,85
522.5124,84
522.45,83.33333333
522.3876,83.66666667
522.3252,84.33333333
522.2628,84.33333333
522.2004,85.33333333
522.138,85
522.0756,84.33333333
522.0132,85
521.9508,86
521.8884,87.33333333
521.826,90.33333333
521.7636,89.66666667
521.7012,89
521.6388,90.66666667
521.5764,91.33333333
521.514,92.33333333
521.4516,92.33333333
521.3892,93.66666667
521.3268,94.66666667
521.2644,97
521.202,98
521.1396,98
521.0772,99
521.0148,105.3333333
520.9524,111.3333333
520.89,108.6666667
520.8276,110.6666667
520.7652,114.3333333
520.7028,117.3333333
520.6404,119.3333333
520.578,121.6666667
520.5156,122.6666667
520.4532,121
520.3908,124.3333333
520.3284,125
520.266,125
520.2036,125
520.1412,124.3333333
520.0788,123.6666667
520.0164,122.3333333
519.954,122.3333333
519.8916,121.3333333
519.8292,121.3333333
519.7668,119
519.7044,119
519.642,118.3333333
519.5796,119.6666667
519.5172,122
519.4548,123.3333333
519.3924,124
519.33,124
519.2676,118.6666667
519.2052,113
519.1428,110
519.0804,107.3333333
519.018,101.3333333
518.9556,98
518.8932,94
518.8308,85.66666667
518.7684,79.33333333
518.706,80.66666667
518.6436,77.66666667
518.5812,74.33333333
518.5188,76
518.4564,77.66666667
518.394,75.66666667
518.3316,75.33333333
518.2692,75.66666667
518.2068,75
518.1444,73
518.082,71.33333333
518.0196,71
517.9572,71.66666667
517.8948,70
517.8324,70.33333333
517.77,69.66666667
517.7076,69
517.6452,68
517.5828,68.33333333
517.5204,68
517.458,67.33333333
517.3956,66
517.3332,66.33333333
517.2708,65.66666667
517.2084,64.66666667
517.146,64
517.0836,64
517.0212,63.33333333
516.9588,63.33333333
516.8964,61.66666667
516.834,62
516.7716,63.33333333
516.7092,61.33333333
516.6468,60
516.5844,60
516.522,61.33333333
516.4596,59.33333333
516.3972,57.66666667
516.3348,57
516.2724,56.33333333
516.21,56.33333333
516.1476,56
516.0852,55
516.0228,54.33333333
515.9604,54
515.898,53.33333333
515.8356,53.33333333
515.7732,53.66666667
515.7108,53.33333333
515.6484,51.66666667
515.586,51.33333333
515.5236,52.66666667
515.4612,51
515.3988,51
515.3364,50
515.274,48.66666667
515.2116,48.66666667
515.1492,49
515.0868,48
515.0244,48
514.962,47
514.8996,48
514.8372,46.33333333
514.7748,45
514.7124,44.33333333
514.65,44.33333333
514.5876,44.33333333
514.5252,44
514.4628,42.66666667
514.4004,42.33333333
514.338,42.33333333
514.2756,42
514.2132,41
514.1508,42
514.0884,41
514.026,40
513.9636,39.33333333
513.9012,39.33333333
513.8388,38.66666667
513.7764,38
513.714,37.33333333
513.6516,38.33333333
513.5892,39.33333333
513.5268,39
513.4644,38
513.402,36.33333333
513.3396,36.33333333
513.2772,37
513.2148,37
513.1524,36
513.09,36
513.0276,35.33333333
512.9652,35.33333333
512.9028,34
512.8404,34
512.778,34
512.7156,34
512.6532,33.66666667
512.5908,33.66666667
512.5284,34
512.466,34
512.4036,33.66666667
512.3412,33
512.2788,33.33333333
512.2164,33.33333333
512.154,33.33333333
512.0916,32.33333333
512.0292,32.33333333
511.9668,32.33333333
511.9044,30.33333333
511.842,29.66666667
511.7796,29.33333333
511.7172,30
511.6548,30.33333333
511.5924,29.66666667
511.53,29
511.4676,28.33333333
511.4052,29
511.3428,29
511.2804,29
511.218,29
511.1556,29
511.0932,28.33333333
511.0308,27.66666667
510.9684,27.66666667
510.906,27.66666667
510.8436,28.66666667
510.7812,27.66666667
510.7188,27.66666667
510.6564,28
510.594,27
510.5316,26
510.4692,26
510.4068,26
510.3444,26
510.282,25.33333333
510.2196,25.33333333
510.1572,26
510.0948,26
510.0324,26
509.97,26
509.9076,25
509.8452,25
509.7828,25
509.7204,25
509.658,25
509.5956,25
509.5332,25
509.4708,24.33333333
509.4084,25
509.346,25
509.2836,25
509.2212,24
509.1588,24.33333333
509.0964,24.33333333
509.034,24.33333333
508.9716,23.66666667
508.9092,23.66666667
508.8468,24.33333333
508.7844,24.33333333
508.722,24.33333333
508.6596,23.66666667
508.5972,23.66666667
508.5348,23.66666667
508.4724,23.66666667
508.41,23.66666667
508.3476,22.66666667
508.2852,22.66666667
508.2228,22.66666667
508.1604,22.66666667
508.098,22.66666667
508.0356,23
507.9732,23
507.9108,22.66666667
507.8484,22.66666667
507.786,22.66666667
507.7236,22.66666667
507.6612,22.66666667
507.5988,22.66666667
507.5364,22.66666667
507.474,22.66666667
507.4116,22
507.3492,22
507.2868,22
507.2244,22
507.162,22
507.0996,22
507.0372,22
506.9748,21.33333333
506.9124,21.33333333
506.85,21.33333333
506.7876,21.33333333
506.7252,21.33333333
506.6628,21.33333333
506.6004,21.33333333
506.538,21.33333333
506.4756,21.33333333
506.4132,21.33333333
506.3508,21.33333333
506.2884,21.33333333
506.226,20.66666667
506.1636,20.66666667
506.1012,20.66666667
506.0388,21.33333333
505.9764,22
505.914,22
505.8516,22
505.7892,22
505.7268,22
505.6644,21.33333333
505.602,21.33333333
505.5396,21.33333333
505.4772,21.33333333
505.4148,21.33333333
505.3524,22.33333333
505.29,22.33333333
505.2276,22.33333333
505.1652,22.33333333
505.1028,21.33333333
505.0404,21.33333333
504.978,22.33333333
504.9156,21.33333333
504.8532,21.33333333
504.7908,21.33333333
504.7284,21.33333333
504.666,20.66666667
504.6036,20.66666667
504.5412,21
504.4788,21
504.4164,21
504.354,20.33333333
504.2916,20.33333333
504.2292,20.33333333
504.1668,20.66666667
504.1044,20.66666667
504.042,20.66666667
503.9796,20.66666667
503.9172,20
503.8548,20.66666667
503.7924,20.66666667
503.73,20.66666667
503.6676,20.66666667
503.6052,20.66666667
503.5428,21
503.4804,20.33333333
503.418,20.33333333
503.3556,20.33333333
503.2932,21
503.2308,21
503.1684,20.66666667
503.106,20.66666667
503.0436,21.33333333
502.9812,20.66666667
502.9188,20.66666667
502.8564,20.66666667
502.794,21
502.7316,21
502.6692,21
502.6068,21
502.5444,21
502.482,21
502.4196,21
502.3572,21.66666667
502.2948,21.66666667
502.2324,21.66666667
502.17,21
502.1076,21
502.0452,21
501.9828,21
501.9204,21
501.858,21
501.7956,21
501.7332,21
501.6708,21
501.6084,21
501.546,21
501.4836,21
501.4212,21
501.3588,21
501.2964,21
501.234,21
501.1716,21
501.1092,21
501.0468,21
500.9844,21
500.922,20.33333333
500.8596,21
500.7972,20
500.7348,20
500.6724,20
500.61,20
500.5476,19.66666667
500.4852,19.66666667
500.4228,19.66666667
500.3604,19.66666667
500.298,19.66666667
500.2356,19.66666667
500.1732,19.66666667
500.1108,19.66666667
500.0484,19.66666667
499.986,19.66666667
499.9236,21
499.8612,20
499.7988,20.33333333
499.7364,20.33333333
499.674,20.33333333
499.6116,20.33333333
499.5492,20.33333333
499.4868,20.33333333
499.4244,20.33333333
499.362,20.33333333
499.2996,20.33333333
499.2372,20.33333333
499.1748,20
499.1124,20
499.05,20
498.9876,20
498.9252,19.66666667
498.8628,19.66666667
498.8004,20
498.738,20
498.6756,20
498.6132,20
498.5508,20
498.4884,20
498.426,20.33333333
498.3636,20.33333333
498.3012,20.33333333
498.2388,20.33333333
498.1764,20.33333333
498.114,20.33333333
498.0516,20.33333333
497.9892,20.33333333
497.9268,20.33333333
497.8644,20.33333333
497.802,20.33333333
497.7396,20.33333333
497.6772,20.33333333
497.6148,20.33333333
497.5524,20.33333333
497.49,20.33333333
497.4276,20.33333333
497.3652,20.33333333
497.3028,20.33333333
497.2404,20.33333333
497.178,20.33333333
497.1156,20.33333333
497.0532,20.33333333
496.9908,20.33333333
496.9284,20.33333333
496.866,21.33333333
496.8036,21.33333333
496.7412,21.33333333
496.6788,20.33333333
496.6164,20.33333333
496.554,20.33333333
496.4916,20.33333333
496.4292,20.33333333
496.3668,20.33333333
496.3044,20.33333333
496.242,20.33333333
496.1796,20.33333333
496.1172,20.33333333
496.0548,19.66666667
495.9924,19.66666667
495.93,20.33333333
495.8676,21.33333333
495.8052,21.33333333
495.7428,20.33333333
495.6804,19.66666667
495.618,20.33333333
495.5556,20.33333333
495.4932,19.66666667
495.4308,20.33333333
495.3684,20.33333333
495.306,19.66666667
495.2436,19.66666667
495.1812,20.33333333
495.1188,20.33333333
495.0564,19.66666667
494.994,19.66666667
494.9316,20.33333333
494.8692,20.33333333
494.8068,20.33333333
494.7444,20.33333333
494.682,20.33333333
494.6196,19.66666667
494.5572,19.66666667
494.4948,19.66666667
494.4324,20.33333333
494.37,20.33333333
494.3076,20.33333333
494.2452,20.33333333
494.1828,20.33333333
494.1204,19.66666667
494.058,20
493.9956,20
493.9332,20.66666667
493.8708,20.66666667
493.8084,20.66666667
493.746,20.66666667
493.6836,20
493.6212,20
493.5588,20
493.4964,20
493.434,20.66666667
493.3716,20
493.3092,20
493.2468,20
493.1844,20
493.122,20
493.0596,20
492.9972,20
492.9348,20
492.8724,20
492.81,20
492.7476,20
492.6852,20
492.6228,20.66666667
492.5604,20.33333333
492.498,20.33333333
492.4356,20.33333333
492.3732,20.33333333
492.3108,19.66666667
492.2484,20.33333333
492.186,20.66666667
492.1236,20.66666667
492.0612,20.66666667
491.9988,20.66666667
491.9364,20.66666667
491.874,20.66666667
491.8116,20.66666667
491.7492,20.66666667
491.6868,20.66666667
491.6244,20.66666667
491.562,20
491.4996,20
491.4372,20.66666667
491.3748,20.66666667
491.3124,20.66666667
491.25,20.66666667
491.1876,20.66666667
491.1252,20.66666667
491.0628,20.33333333
491.0004,20.66666667
490.938,20.66666667
490.8756,21
490.8132,21
490.7508,20.33333333
490.6884,21
490.626,22
490.5636,21.66666667
490.5012,21
490.4388,21.66666667
490.3764,21.66666667
490.314,21.66666667
490.2516,22.33333333
490.1892,22.33333333
490.1268,22.33333333
490.0644,22
490.002,22.66666667
489.9396,22.66666667
489.8772,23.66666667
489.8148,23.66666667
489.7524,24.33333333
489.69,24.33333333
489.6276,25.33333333
489.5652,25
489.5028,25
489.4404,26
489.378,26.66666667
489.3156,27.33333333
489.2532,27.33333333
489.1908,29
489.1284,29
489.066,29.66666667
489.0036,31.33333333
488.9412,32.33333333
488.8788,33.33333333
488.8164,33.66666667
488.754,35
488.6916,36.33333333
488.6292,38
488.5668,39.33333333
488.5044,42
488.442,42
488.3796,44
488.3172,45
488.2548,46
488.1924,45.66666667
488.13,46.66666667
488.0676,47
488.0052,47
487.9428,47
487.8804,48
487.818,48
487.7556,48
487.6932,46.33333333
487.6308,46.33333333
487.5684,46.33333333
487.506,46.33333333
487.4436,46.66666667
487.3812,46.66666667
487.3188,46.33333333
487.2564,47
487.194,48.33333333
487.1316,48.33333333
487.0692,48
487.0068,48
486.9444,47.33333333
486.882,47.33333333
486.8196,47.33333333
486.7572,46.66666667
486.6948,46
486.6324,46
486.57,46.66666667
486.5076,44.66666667
486.4452,44.66666667
486.3828,45.66666667
486.3204,45.33333333
486.258,45.33333333
486.1956,45.33333333
486.1332,47
486.0708,47.66666667
486.0084,47.66666667
485.946,48.33333333
485.8836,48.33333333
485.8212,49.66666667
485.7588,49.66666667
485.6964,49.66666667
485.634,49.66666667
485.5716,49.66666667
485.5092,50.66666667
485.4468,50.66666667
485.3844,49.66666667
485.322,49.66666667
485.2596,50.66666667
485.1972,49.66666667
485.1348,49.66666667
485.0724,50.66666667
485.01,51.66666667
484.9476,52.33333333
484.8852,51.66666667
484.8228,51
484.7604,50.33333333
484.698,51
484.6356,51
484.5732,49.66666667
484.5108,49.66666667
484.4484,47.66666667
484.386,47
484.3236,45.33333333
484.2612,45.33333333
484.1988,44.66666667
484.1364,44.66666667
484.074,44.33333333
484.0116,44.33333333
483.9492,45.33333333
483.8868,44.33333333
483.8244,43.66666667
483.762,43.66666667
483.6996,43.66666667
483.6372,43.66666667
483.5748,43.66666667
483.5124,43.66666667
483.45,43.66666667
483.3876,43.66666667
483.3252,43.66666667
483.2628,43.66666667
483.2004,44
483.138,43.33333333
483.0756,44
483.0132,44
482.9508,44
482.8884,44
482.826,43.33333333
482.7636,43.33333333
482.7012,44
482.6388,44.66666667
482.5764,44
482.514,44
482.4516,44.33333333
482.3892,44.33333333
482.3268,45.33333333
482.2644,46
482.202,46
482.1396,47
482.0772,47.33333333
482.0148,47.33333333
481.9524,46.33333333
481.89,46.33333333
481.8276,46.33333333
481.7652,47.33333333
481.7028,47.33333333
481.6404,48
481.578,48
481.5156,48
481.4532,48
481.3908,48
481.3284,48
481.266,48
481.2036,48
481.1412,49
481.0788,49
481.0164,48
480.954,47.33333333
480.8916,48
480.8292,48
480.7668,48
480.7044,47.33333333
480.642,47.33333333
480.5796,47.33333333
480.5172,49
480.4548,48
480.3924,47.33333333
480.33,47.66666667
480.2676,47.66666667
480.2052,47.66666667
480.1428,47.66666667
480.0804,47.66666667
480.018,47.66666667
479.9556,46.66666667
479.8932,46.66666667
479.8308,46.66666667
479.7684,46.66666667
479.706,46.66666667
479.6436,46.66666667
479.5812,46
479.5188,46.66666667
479.4564,46.66666667
479.394,46.66666667
479.3316,46.66666667
479.2692,46.66666667
479.2068,46.66666667
479.1444,46.66666667
479.082,46
479.0196,45.33333333
478.9572,45
478.8948,45
478.8324,45.66666667
478.77,45.66666667
478.7076,46.66666667
478.6452,46.66666667
478.5828,47.66666667
478.5204,48.33333333
478.458,49.33333333
478.3956,49.33333333
478.3332,50
478.2708,50.33333333
478.2084,50.66666667
478.146,51.33333333
478.0836,53
478.0212,53
477.9588,52.66666667
477.8964,54.33333333
477.834,54.66666667
477.7716,56.33333333
477.7092,56.66666667
477.6468,57.66666667
477.5844,58.66666667
477.522,59.66666667
477.4596,60.33333333
477.3972,60.33333333
477.3348,60.66666667
477.2724,61.66666667
477.21,62.66666667
477.1476,62.66666667
477.0852,62.66666667
477.0228,62.66666667
476.9604,62.66666667
476.898,62.66666667
476.8356,62.66666667
476.7732,62.66666667
476.7108,61.66666667
476.6484,61.66666667
476.586,60.66666667
476.5236,60.66666667
476.4612,60.33333333
476.3988,59.66666667
476.3364,59
476.274,59
476.2116,58.66666667
476.1492,58
476.0868,56
476.0244,56
475.962,55.33333333
475.8996,54.66666667
475.8372,53.66666667
475.7748,52.33333333
475.7124,50.33333333
475.65,49.66666667
475.5876,49
475.5252,47.66666667
475.4628,46.66666667
475.4004,46
475.338,44
475.2756,43.33333333
475.2132,42.33333333
475.1508,41.33333333
475.0884,40.66666667
475.026,40.66666667
474.9636,39
474.9012,39
474.8388,39
474.7764,39
474.714,38.66666667
474.6516,38.66666667
474.5892,38.33333333
474.5268,38.33333333
474.4644,39.33333333
474.402,38.33333333
474.3396,37.66666667
474.2772,37.66666667
474.2148,38.33333333
474.1524,38.33333333
474.09,37.66666667
474.0276,37.66666667
473.9652,37.66666667
473.9028,38.33333333
473.8404,38.66666667
473.778,38.66666667
473.7156,39
473.6532,39
473.5908,39
473.5284,39
473.466,40
473.4036,40.66666667
473.3412,40.66666667
473.2788,40
473.2164,40.33333333
473.154,41
473.0916,42
473.0292,42
472.9668,42
472.9044,43
472.842,43.33333333
472.7796,43.33333333
472.7172,44
472.6548,44
472.5924,44
472.53,44.66666667
472.4676,46.33333333
472.4052,46.33333333
472.3428,47.33333333
472.2804,47.33333333
472.218,47.33333333
472.1556,48
472.0932,48.66666667
472.0308,48.66666667
471.9684,50.33333333
471.906,52.33333333
471.8436,51.66666667
471.7812,50.66666667
471.7188,52.33333333
471.6564,54.66666667
471.594,54.33333333
471.5316,53.66666667
471.4692,54.33333333
471.4068,55.33333333
471.3444,56.33333333
471.282,57.33333333
471.2196,57.66666667
471.1572,57.66666667
471.0948,57
471.0324,57
470.97,58
470.9076,57
470.8452,57
470.7828,58
470.7204,58
470.658,57
470.5956,57
470.5332,57
470.4708,56.66666667
470.4084,56.66666667
470.346,56.66666667
470.2836,55.66666667
470.2212,55.66666667
470.1588,54.66666667
470.0964,54
470.034,54.66666667
469.9716,52.66666667
469.9092,52
469.8468,51.66666667
469.7844,51.66666667
469.722,50.33333333
469.6596,49.33333333
469.5972,49
469.5348,48
469.4724,47
469.41,46
469.3476,45.33333333
469.2852,44.33333333
469.2228,43.33333333
469.1604,42.33333333
469.098,42.66666667
469.0356,41.66666667
468.9732,40.66666667
468.9108,40
468.8484,39.66666667
468.786,39
468.7236,38.66666667
468.6612,38
468.5988,37.66666667
468.5364,37.66666667
468.474,37.66666667
468.4116,37
468.3492,37
468.2868,37
468.2244,37
468.162,36
468.0996,35.33333333
468.0372,36
467.9748,36
467.9124,36
467.85,36
467.7876,36
467.7252,36
467.6628,36
467.6004,36
467.538,36
467.4756,35
467.4132,35
467.3508,35
467.2884,35
467.226,35
467.1636,35
467.1012,35
467.0388,35.66666667
466.9764,35.66666667
466.914,35.66666667
466.8516,35.66666667
466.7892,36.66666667
466.7268,36
466.6644,35.33333333
466.602,35.33333333
466.5396,35.33333333
466.4772,36
466.4148,35.33333333
466.3524,35.33333333
466.29,36
466.2276,37.33333333
466.1652,37.33333333
466.1028,37.33333333
466.0404,37.33333333
465.978,37
465.9156,37
465.8532,38.33333333
465.7908,38.33333333
465.7284,38.33333333
465.666,39.33333333
465.6036,39.33333333
465.5412,39.33333333
465.4788,39.66666667
465.4164,40.33333333
465.354,40.33333333
465.2916,40.33333333
465.2292,41
465.1668,41.66666667
465.1044,41.66666667
465.042,42.33333333
464.9796,42.66666667
464.9172,42.66666667
464.8548,43.66666667
464.7924,42.66666667
464.73,43
464.6676,43
464.6052,43.66666667
464.5428,43.66666667
464.4804,45
464.418,45
464.3556,45.66666667
464.2932,45.66666667
464.2308,45.66666667
464.1684,45.66666667
464.106,45.33333333
464.0436,45.33333333
463.9812,45.66666667
463.9188,45.66666667
463.8564,45
463.794,44.33333333
463.7316,45.33333333
463.6692,45.33333333
463.6068,45
463.5444,44
463.482,43.33333333
463.4196,43.33333333
463.3572,43.33333333
463.2948,43.33333333
463.2324,43.33333333
463.17,43.33333333
463.1076,43
463.0452,43
462.9828,42
462.9204,42
462.858,42
462.7956,42
462.7332,39.66666667
462.6708,39
462.6084,39
462.546,39
462.4836,38.66666667
462.4212,38
462.3588,37.33333333
462.2964,37.33333333
462.234,38
462.1716,38
462.1092,37
462.0468,36.33333333
461.9844,35
461.922,35
461.8596,34.66666667
461.7972,34.66666667
461.7348,35
461.6724,34
461.61,33.33333333
461.5476,33.33333333
461.4852,33.33333333
461.4228,32.66666667
461.3604,32.66666667
461.298,32.66666667
461.2356,32.33333333
461.1732,32.33333333
461.1108,31.33333333
461.0484,31.33333333
460.986,31.33333333
460.9236,30.66666667
460.8612,30.66666667
460.7988,30.66666667
460.7364,30.66666667
460.674,30.66666667
460.6116,30.66666667
460.5492,30.66666667
460.4868,30
460.4244,30
460.362,30
460.2996,30
460.2372,31
460.1748,31
460.1124,31
460.05,31
459.9876,30.66666667
459.9252,30.66666667
459.8628,30.66666667
459.8004,30
459.738,30
459.6756,30.66666667
459.6132,30.66666667
459.5508,30.66666667
459.4884,30.66666667
459.426,30.66666667
459.3636,30.66666667
459.3012,30.66666667
459.2388,31.33333333
459.1764,31.33333333
459.114,31.33333333
459.0516,31.33333333
458.9892,31.33333333
458.9268,32
458.8644,32
458.802,31.33333333
458.7396,31.33333333
458.6772,31.33333333
458.6148,32
458.5524,32
458.49,32
458.4276,32
458.3652,32
458.3028,32
458.2404,32
458.178,33
458.1156,33
458.0532,32
457.9908,32.33333333
457.9284,32.33333333
457.866,32.66666667
457.8036,33.33333333
457.7412,33.33333333
457.6788,32.66666667
457.6164,33.33333333
457.554,33.33333333
457.4916,33.33333333
457.4292,32.66666667
457.3668,32.66666667
457.3044,32.66666667
457.242,33.33333333
457.1796,33.33333333
457.1172,33.33333333
457.0548,33.33333333
456.9924,34
456.93,34
456.8676,34.33333333
456.8052,34.33333333
456.7428,34.66666667
456.6804,35.33333333
456.618,35.33333333
456.5556,35.33333333
456.4932,35
456.4308,35.66666667
456.3684,36
456.306,36
456.2436,36.66666667
456.1812,36.66666667
456.1188,38
456.0564,38
455.994,38
455.9316,38
455.8692,39
455.8068,39
455.7444,38.66666667
455.682,38.66666667
455.6196,40
455.5572,40
455.4948,40
455.4324,40
455.37,41.33333333
455.3076,41.33333333
455.2452,41.33333333
455.1828,42
455.1204,42.33333333
455.058,43.66666667
454.9956,43.33333333
454.9332,43.66666667
454.8708,44.66666667
454.8084,45.66666667
454.746,46.33333333
454.6836,48
454.6212,47.33333333
454.5588,47.66666667
454.4964,48.66666667
454.434,49.33333333
454.3716,50.66666667
454.3092,53
454.2468,52.66666667
454.1844,54.33333333
454.122,54
454.0596,54.66666667
453.9972,53.66666667
453.9348,57.33333333
453.8724,60
453.81,61.33333333
453.7476,63.33333333
453.6852,65.33333333
453.6228,66.66666667
453.5604,67.66666667
453.498,67.66666667
453.4356,69.66666667
453.3732,71.33333333
453.3108,74.66666667
453.2484,77
453.186,78.66666667
453.1236,79.33333333
453.0612,82
452.9988,83.66666667
452.9364,87.33333333
452.874,90.33333333
452.8116,93.33333333
452.7492,95.66666667
452.6868,98
452.6244,100
452.562,102
452.4996,105.3333333
452.4372,106.6666667
452.3748,107.3333333
452.3124,107.3333333
452.25,110
452.1876,111.3333333
452.1252,113
452.0628,113
452.0004,113
451.938,114.6666667
451.8756,115.3333333
451.8132,115.6666667
451.7508,116.6666667
451.6884,117.3333333
451.626,117.3333333
451.5636,118
451.5012,118.3333333
451.4388,118.3333333
451.3764,118.3333333
451.314,118.3333333
451.2516,118.3333333
451.1892,119
451.1268,120
451.0644,118.3333333
451.002,117.6666667
450.9396,116.6666667
450.8772,116.6666667
450.8148,117.3333333
450.7524,115.6666667
450.69,115
450.6276,115
450.5652,115.6666667
450.5028,114
450.4404,114
450.378,113.6666667
450.3156,112.6666667
450.2532,112
450.1908,111
450.1284,109.3333333
450.066,108.6666667
450.0036,108.6666667
449.9412,106.3333333
449.8788,104.6666667
449.8164,104
449.754,101
449.6916,98
449.6292,96
449.5668,94
449.5044,93.33333333
449.442,91.33333333
449.3796,89
449.3172,88
449.2548,87
449.1924,87
449.13,87.66666667
449.0676,85.66666667
449.0052,83.66666667
448.9428,83.66666667
448.8804,82.33333333
448.818,82.33333333
448.7556,82.33333333
448.6932,81.33333333
448.6308,79.33333333
448.5684,78.33333333
448.506,79.66666667
448.4436,79.66666667
448.3812,78.66666667
448.3188,77.66666667
448.2564,78.66666667
448.194,78.66666667
448.1316,78.66666667
448.0692,76.66666667
448.0068,74.66666667
447.9444,74.66666667
447.882,74.66666667
447.8196,72.66666667
447.7572,72.66666667
447.6948,72.66666667
447.6324,72
447.57,71
447.5076,71
447.4452,71
447.3828,69.33333333
447.3204,68.66666667
447.258,67.66666667
447.1956,67
447.1332,66.66666667
447.0708,66
447.0084,65.66666667
446.946,65
446.8836,64
446.8212,63.33333333
446.7588,63.33333333
446.6964,62.33333333
446.634,61.33333333
446.5716,61.33333333
446.5092,60
446.4468,59
446.3844,58.33333333
446.322,57
446.2596,56
446.1972,55
446.1348,54.33333333
446.0724,55.33333333
446.01,52.66666667
445.9476,52.33333333
445.8852,51
445.8228,50.33333333
445.7604,50
445.698,49
445.6356,48
445.5732,48
445.5108,47
445.4484,46.33333333
445.386,45
445.3236,45
445.2612,44.33333333
445.1988,44.33333333
445.1364,43
445.074,42.33333333
445.0116,42.33333333
444.9492,43
444.8868,42.33333333
444.8244,41.66666667
444.762,41.66666667
444.6996,41.66666667
444.6372,41
444.5748,40.33333333
444.5124,40.66666667
444.45,39.66666667
444.3876,39
444.3252,39
444.2628,39
444.2004,39
444.138,39
444.0756,39
444.0132,38
443.9508,38
443.8884,38
443.826,38
443.7636,38
443.7012,37
443.6388,37
443.5764,37
443.514,36.33333333
443.4516,36.33333333
443.3892,35.66666667
443.3268,35.66666667
443.2644,36.66666667
443.202,35.66666667
443.1396,35.66666667
443.0772,35.66666667
443.0148,35.66666667
442.9524,35.66666667
442.89,35.66666667
442.8276,35.66666667
442.7652,35.66666667
442.7028,35.66666667
442.6404,35.66666667
442.578,35.66666667
442.5156,35.33333333
442.4532,35.33333333
442.3908,35.33333333
442.3284,35.33333333
442.266,35.33333333
442.2036,35.33333333
442.1412,34.66666667
442.0788,34.66666667
442.0164,34.66666667
441.954,34.66666667
441.8916,34.66666667
441.8292,34.66666667
441.7668,34.66666667
441.7044,34.66666667
441.642,35.33333333
441.5796,35.33333333
441.5172,35.33333333
441.4548,35.33333333
441.3924,34.66666667
441.33,34.66666667
441.2676,34.66666667
441.2052,35.33333333
441.1428,35.33333333
441.0804,35.33333333
441.018,35.33333333
440.9556,35.33333333
440.8932,35.33333333
440.8308,34.66666667
440.7684,35.33333333
440.706,35.33333333
440.6436,35.33333333
440.5812,34.66666667
440.5188,34.66666667
440.4564,34.66666667
440.394,35.66666667
440.3316,35.66666667
440.2692,35.66666667
440.2068,35
440.1444,35
440.082,35.66666667
440.0196,35.66666667
439.9572,35.66666667
439.8948,35.66666667
439.8324,35.66666667
439.77,35
439.7076,35.66666667
439.6452,35.66666667
439.5828,35.66666667
439.5204,35.66666667
439.458,35.66666667
439.3956,35.66666667
439.3332,35.66666667
439.2708,35.66666667
439.2084,35.66666667
439.146,35.66666667
439.0836,35.66666667
439.0212,35.66666667
438.9588,35.66666667
438.8964,35.66666667
438.834,35.66666667
438.7716,35.66666667
438.7092,36.66666667
438.6468,36.66666667
438.5844,36.66666667
438.522,36.66666667
438.4596,36.66666667
438.3972,35.66666667
438.3348,35.66666667
438.2724,36.33333333
438.21,36.33333333
438.1476,37.33333333
438.0852,37.33333333
438.0228,37
437.9604,36.33333333
437.898,36.33333333
437.8356,36.33333333
437.7732,36.33333333
437.7108,36.33333333
437.6484,36.33333333
437.586,36.33333333
437.5236,37.33333333
437.4612,37.33333333
437.3988,37
437.3364,37
437.274,37
437.2116,36.33333333
437.1492,36.33333333
437.0868,37
437.0244,37
436.962,37
436.8996,37
436.8372,37
436.7748,37
436.7124,37
436.65,37.33333333
436.5876,37.33333333
436.5252,37.33333333
436.4628,37.33333333
436.4004,37.33333333
436.338,37.33333333
436.2756,37.33333333
436.2132,37.33333333
436.1508,37.33333333
436.0884,37.33333333
436.026,37
435.9636,37
435.9012,37
435.8388,37
435.7764,37.33333333
435.714,36.33333333
435.6516,36.33333333
435.5892,36.33333333
435.5268,36.33333333
435.4644,36.33333333
435.402,36.33333333
435.3396,37.33333333
435.2772,37.33333333
435.2148,36.33333333
435.1524,36.33333333
435.09,37.33333333
435.0276,35.66666667
434.9652,35.66666667
434.9028,35.66666667
434.8404,35.66666667
434.778,36.33333333
434.7156,36.33333333
434.6532,35.66666667
434.5908,35.66666667
434.5284,35
434.466,35
434.4036,35
434.3412,35
434.2788,35.66666667
434.2164,35.66666667
434.154,35
434.0916,35
434.0292,35
433.9668,35
433.9044,35
433.842,35.66666667
433.7796,35.66666667
433.7172,35.66666667
433.6548,35.66666667
433.5924,35.66666667
433.53,35
433.4676,35
433.4052,35
433.3428,35
433.2804,35
433.218,35
433.1556,35
433.0932,35
433.0308,34.66666667
432.9684,34.66666667
432.906,34.66666667
432.8436,34.66666667
432.7812,34.66666667
432.7188,34.66666667
432.6564,34.66666667
432.594,34.66666667
432.5316,35.66666667
432.4692,35.66666667
432.4068,35.66666667
432.3444,35.66666667
432.282,35.66666667
432.2196,35.66666667
432.1572,35.66666667
432.0948,35.66666667
432.0324,35.66666667
431.97,36.66666667
431.9076,36.66666667
431.8452,36.66666667
431.7828,37
431.7204,37
431.658,37
431.5956,37
431.5332,37
431.4708,38.33333333
431.4084,39.33333333
431.346,39.66666667
431.2836,39
431.2212,39
431.1588,39.66666667
431.0964,40.66666667
431.034,40.66666667
430.9716,40.66666667
430.9092,41
430.8468,41.33333333
430.7844,41.33333333
430.722,41.33333333
430.6596,41.66666667
430.5972,41.66666667
430.5348,42.33333333
430.4724,42.33333333
430.41,42.33333333
430.3476,42.33333333
430.2852,42.33333333
430.2228,41.66666667
430.1604,42
430.098,42
430.0356,42
429.9732,42.66666667
429.9108,42.66666667
429.8484,42.66666667
429.786,42.33333333
429.7236,42.33333333
429.6612,42
429.5988,41.33333333
429.5364,41.33333333
429.474,41.33333333
429.4116,41.33333333
429.3492,40.33333333
429.2868,40
429.2244,39.33333333
429.162,39.33333333
429.0996,39.33333333
429.0372,38
428.9748,38
428.9124,37.66666667
428.85,36.66666667
428.7876,36.33333333
428.7252,36.33333333
428.6628,35.66666667
428.6004,35
428.538,33.66666667
428.4756,33
428.4132,32.33333333
428.3508,31.66666667
428.2884,31.33333333
428.226,30.33333333
428.1636,30.33333333
428.1012,30
428.0388,28.66666667
427.9764,28.66666667
427.914,28.33333333
427.8516,27.66666667
427.7892,27.33333333
427.7268,27.33333333
427.6644,26.66666667
427.602,27.66666667
427.5396,26.66666667
427.4772,26.66666667
427.4148,25.66666667
427.3524,25.66666667
427.29,26
427.2276,25
427.1652,24.66666667
427.1028,24
427.0404,24.66666667
426.978,24.66666667
426.9156,24.66666667
426.8532,24.66666667
426.7908,24.66666667
426.7284,24.66666667
426.666,24.66666667
426.6036,24.66666667
426.5412,24.66666667
426.4788,24.66666667
426.4164,24.66666667
426.354,24.66666667
426.2916,23.33333333
426.2292,23.33333333
426.1668,23.33333333
426.1044,23.33333333
426.042,22.66666667
425.9796,22.66666667
425.9172,22.66666667
425.8548,22.66666667
425.7924,23.33333333
425.73,23.33333333
425.6676,23.33333333
425.6052,23.33333333
425.5428,23.33333333
425.4804,23.33333333
425.418,23.66666667
425.3556,22.66666667
425.2932,22.66666667
425.2308,22.66666667
425.1684,23.66666667
425.106,23.66666667
425.0436,23.33333333
424.9812,22.66666667
424.9188,22.33333333
424.8564,23.33333333
424.794,22.33333333
424.7316,22.33333333
424.6692,22.33333333
424.6068,22.33333333
424.5444,22.33333333
424.482,22.33333333
424.4196,21.33333333
424.3572,21.33333333
424.2948,22
424.2324,22
424.17,22
424.1076,23
424.0452,22
423.9828,21.33333333
423.9204,21.33333333
423.858,22
423.7956,22
423.7332,22
423.6708,22
423.6084,22
423.546,22.33333333
423.4836,22.33333333
423.4212,21.66666667
423.3588,21.66666667
423.2964,22.33333333
423.234,22.33333333
423.1716,21.33333333
423.1092,21.33333333
423.0468,22
422.9844,22
422.922,22
422.8596,22
422.7972,22
422.7348,22
422.6724,22
422.61,22
422.5476,22
422.4852,22
422.4228,22
422.3604,22
422.298,22
422.2356,22
422.1732,22
422.1108,22
422.0484,22
421.986,21.33333333
421.9236,21.33333333
421.8612,22
421.7988,21.33333333
421.7364,22
421.674,22
421.6116,21.33333333
421.5492,21.33333333
421.4868,21.33333333
421.4244,22
421.362,22
421.2996,21.33333333
421.2372,21.33333333
421.1748,21.33333333
421.1124,22
421.05,21.33333333
420.9876,21.33333333
420.9252,22
420.8628,22
420.8004,21.33333333
420.738,21.33333333
420.6756,22
420.6132,22
420.5508,22
420.4884,22
420.426,22
420.3636,22
420.3012,20.66666667
420.2388,20.66666667
420.1764,20.66666667
420.114,20.66666667
420.0516,20.66666667
419.9892,20.66666667
419.9268,20.66666667
419.8644,20.66666667
419.802,20.66666667
419.7396,20.66666667
419.6772,20.66666667
419.6148,20.66666667
419.5524,20.66666667
419.49,21.33333333
419.4276,21.33333333
419.3652,20.66666667
419.3028,20.66666667
419.2404,20.66666667
419.178,20.66666667
419.1156,20.66666667
419.0532,20.66666667
418.9908,20.66666667
418.9284,20.66666667
418.866,20.66666667
418.8036,20.66666667
418.7412,20.66666667
418.6788,20.66666667
418.6164,20.66666667
418.554,21.33333333
418.4916,21.33333333
418.4292,21.33333333
418.3668,21.33333333
418.3044,21.33333333
418.242,21.33333333
418.1796,20.66666667
418.1172,20.66666667
418.0548,20.66666667
417.9924,20.66666667
417.93,20.66666667
417.8676,20.66666667
417.8052,20.66666667
417.7428,20.66666667
417.6804,20.66666667
417.618,20.66666667
417.5556,20.66666667
417.4932,20.66666667
417.4308,20.66666667
417.3684,20.66666667
417.306,20.66666667
417.2436,20.66666667
417.1812,22
417.1188,21.33333333
417.0564,21.33333333
416.994,21.33333333
416.9316,21.33333333
416.8692,21.33333333
416.8068,21.33333333
416.7444,21.33333333
416.682,20.66666667
416.6196,20.66666667
416.5572,20.66666667
416.4948,20.66666667
416.4324,20.66666667
416.37,20.66666667
416.3076,20.66666667
416.2452,20.66666667
416.1828,20.66666667
416.1204,20.66666667
416.058,21.33333333
415.9956,21.33333333
415.9332,21.33333333
415.8708,21.33333333
415.8084,21.33333333
415.746,21.33333333
415.6836,21.33333333
415.6212,20.66666667
415.5588,20.66666667
415.4964,20.66666667
415.434,22
415.3716,22
415.3092,22
415.2468,21.33333333
415.1844,21.33333333
415.122,21.33333333
415.0596,21.33333333
414.9972,21.33333333
414.9348,21.33333333
414.8724,21.33333333
414.81,21.33333333
414.7476,22
414.6852,22
414.6228,22
414.5604,21.33333333
414.498,21.33333333
414.4356,20.66666667
414.3732,20.66666667
414.3108,20.66666667
414.2484,20.66666667
414.186,20.66666667
414.1236,20.66666667
414.0612,20.66666667
413.9988,20.66666667
413.9364,20.66666667
413.874,20.66666667
413.8116,20.66666667
413.7492,20.66666667
413.6868,20.66666667
413.6244,20.66666667
413.562,20.66666667
413.4996,20.66666667
413.4372,20.66666667
413.3748,20.66666667
413.3124,20.66666667
413.25,21.33333333
413.1876,21.33333333
413.1252,20.66666667
413.0628,20.66666667
413.0004,20.66666667
412.938,20.66666667
412.8756,20.66666667
412.8132,20.66666667
412.7508,20
412.6884,20
412.626,20.66666667
412.5636,20.66666667
412.5012,20.66666667
412.4388,20.66666667
412.3764,20.66666667
412.314,20.66666667
412.2516,20.66666667
412.1892,20.66666667
412.1268,20.66666667
412.0644,21
412.002,20
411.9396,20
411.8772,21
411.8148,21
411.7524,21
411.69,20.66666667
411.6276,20.66666667
411.5652,20.66666667
411.5028,20.66666667
411.4404,20.66666667
411.378,20
411.3156,20
411.2532,20
411.1908,21
411.1284,21
411.066,20.66666667
411.0036,20.66666667
410.9412,20.66666667
410.8788,20.66666667
410.8164,22
410.754,22
410.6916,22
410.6292,22
410.5668,21.33333333
410.5044,21.33333333
410.442,21.33333333
410.3796,22
410.3172,21.33333333
410.2548,21.33333333
410.1924,21.33333333
410.13,22
410.0676,22
410.0052,22
409.9428,22
409.8804,22
409.818,22
409.7556,22
409.6932,22.33333333
409.6308,22.33333333
409.5684,22.33333333
409.506,22.33333333
409.4436,23.33333333
409.3812,23.33333333
409.3188,23.66666667
409.2564,22.66666667
409.194,22.66666667
409.1316,22.66666667
409.0692,22.66666667
409.0068,23.66666667
408.9444,23.33333333
408.882,23.33333333
408.8196,24
408.7572,24
408.6948,24
408.6324,24
408.57,24
408.5076,24
408.4452,24
408.3828,24
408.3204,24
408.258,24
408.1956,24
408.1332,24
408.0708,23.33333333
408.0084,23.33333333
407.946,23.33333333
407.8836,22.66666667
407.8212,22.66666667
407.7588,23.33333333
407.6964,23.33333333
407.634,22.66666667
407.5716,22.66666667
407.5092,23.33333333
407.4468,22.66666667
407.3844,22.66666667
407.322,22.66666667
407.2596,22.66666667
407.1972,22.66666667
407.1348,22.66666667
407.0724,23.33333333
407.01,22.66666667
406.9476,22.33333333
406.8852,22.33333333
406.8228,22
406.7604,22
406.698,22
406.6356,21.33333333
406.5732,22
406.5108,22
406.4484,21.33333333
406.386,21.33333333
406.3236,22
406.2612,22
406.1988,21.33333333
406.1364,21.33333333
406.074,21.33333333
406.0116,22
405.9492,22
405.8868,22
405.8244,22
405.762,22
405.6996,22
405.6372,21.33333333
405.5748,22
405.5124,22
405.45,22
405.3876,22
405.3252,22
405.2628,22
405.2004,21.33333333
405.138,21.33333333
405.0756,21.33333333
405.0132,21.33333333
404.9508,21.33333333
404.8884,21.33333333
404.826,21.33333333
404.7636,21.33333333
404.7012,21.33333333
404.6388,21.33333333
404.5764,21.33333333
404.514,21.33333333
404.4516,21.33333333
404.3892,21.33333333
404.3268,21.33333333
404.2644,21.33333333
404.202,21.33333333
404.1396,21.33333333
404.0772,21
404.0148,21
403.9524,21
403.89,21
403.8276,20
403.7652,20
403.7028,21
403.6404,21
403.578,20
403.5156,20
403.4532,21
403.3908,21
403.3284,21
403.266,21
403.2036,21
403.1412,21
403.0788,20.66666667
403.0164,20.66666667
402.954,20.66666667
402.8916,20.66666667
402.8292,20.66666667
402.7668,20.66666667
402.7044,21
402.642,21
402.5796,21
402.5172,21
402.4548,21
402.3924,21
402.33,21
402.2676,21
402.2052,21
402.1428,21
402.0804,21
402.018,21
401.9556,21
401.8932,21
401.8308,21
401.7684,21
401.706,21
401.6436,21
401.5812,20
401.5188,20
401.4564,20
401.394,21
401.3316,20
401.2692,20
401.2068,21
401.1444,21
401.082,21
401.0196,21
400.9572,20
400.8948,20
400.8324,21
400.77,21
400.7076,21
400.6452,21
400.5828,21
400.5204,21
400.458,20
400.3956,20
400.3332,21
400.2708,21
400.2084,20
400.146,20
400.0836,21
400.0212,21
399.9588,21
